,Actual,Predicted,Return,Strategy_Return
2020-06-25,0,1,-0.0027639039476725635,-0.0027639039476725635
2020-06-26,1,1,-0.00031191237935657146,-0.00031191237935657146
2020-06-29,0,1,0.002781343602909825,0.002781343602909825
2020-06-30,1,1,-0.0012267975250694896,-0.0012267975250694896
2020-07-01,0,1,0.0015220293724966805,0.0015220293724966805
2020-07-02,1,1,-0.0010753548226553056,-0.0010753548226553056
2020-07-03,1,1,0.000569395017793628,0.000569395017793628
2020-07-06,0,1,0.005646251244842748,0.005646251244842748
2020-07-07,1,1,-0.003236102883314662,-0.003236102883314662
2020-07-08,0,1,0.005029583174403385,0.005029583174403385
2020-07-09,1,1,-0.0038128861429833627,-0.0038128861429833627
2020-07-10,1,1,0.000823971364780185,0.000823971364780185
2020-07-13,1,1,0.004311222457308306,0.004311222457308306
2020-07-14,1,1,0.005570834214794429,0.005570834214794429
2020-07-15,0,1,0.0001753155680224161,0.0001753155680224161
2020-07-16,1,1,-0.0022699386503067798,-0.0022699386503067798
2020-07-17,1,1,0.003619082755773606,0.003619082755773606
2020-07-20,1,1,0.0018292736295764112,0.0018292736295764112
2020-07-21,1,1,0.0074609914207335315,0.0074609914207335315
2020-07-22,1,1,0.0032952929341982795,0.0032952929341982795
2020-07-23,1,1,0.0027140091273683,0.0027140091273683
2020-07-24,1,0,0.00474097060598222,0.0
2020-07-27,0,0,0.009179821551132505,0.0
2020-07-28,1,1,-0.003672532517214888,-0.003672532517214888
2020-07-29,1,1,0.0059813307394323,0.0059813307394323
2020-07-30,0,0,0.004919464965775777,0.0
2020-07-31,0,1,-0.006490601710007704,-0.006490601710007704
2020-08-03,1,1,-0.0011044091411095414,-0.0011044091411095414
2020-08-04,1,1,0.003393434257526806,0.003393434257526806
2020-08-05,1,1,0.006280778782664864,0.006280778782664864
2020-08-06,0,1,0.0007580862533691501,0.0007580862533691501
2020-08-07,0,1,-0.007911791936705548,-0.007911791936705548
2020-08-10,1,1,-0.003987443794010503,-0.003987443794010503
2020-08-11,1,1,0.00017035775127771657,0.00017035775127771657
2020-08-12,1,1,0.0038579458354626173,0.0038579458354626173
2020-08-13,1,1,0.0025196609910664858,0.0025196609910664858
2020-08-14,1,1,0.002014047558602128,0.002014047558602128
2020-08-17,1,1,0.0026856293493682237,0.0026856293493682237
2020-08-18,0,1,0.00561797752808979,0.00561797752808979
2020-08-19,1,1,-0.007395743469047478,-0.007395743469047478
2020-08-20,0,1,0.0011813349084466296,0.0011813349084466296
2020-08-21,0,1,-0.0058322798145806765,-0.0058322798145806765
2020-08-24,1,1,-0.00018650706183565013,-0.00018650706183565013
2020-08-25,1,1,0.0033153574820241616,0.0033153574820241616
2020-08-26,0,1,0.00019437660043775118,0.00019437660043775118
2020-08-27,1,1,-0.001520912547528508,-0.001520912547528508
2020-08-28,1,1,0.00709147837860713,0.00709147837860713
2020-08-31,0,1,0.003041812315138337,0.003041812315138337
2020-09-01,0,1,-0.001675462846611353,-0.001675462846611353
2020-09-02,0,1,-0.005404044642107864,-0.005404044642107864
2020-09-03,0,1,-0.0006412095236487669,-0.0006412095236487669
2020-09-04,0,1,-0.0005149852258337084,-0.0005149852258337084
2020-09-07,0,1,-0.0019596415207494555,-0.0019596415207494555
2020-09-08,1,1,-0.004147024721345205,-0.004147024721345205
2020-09-09,1,1,0.003492907952101998,0.003492907952101998
2020-09-10,1,1,0.000999339419705647,0.000999339419705647
2020-09-11,1,1,0.0021743544620800304,0.0021743544620800304
2020-09-14,0,1,0.0016631068862755782,0.0016631068862755782
2020-09-15,0,1,-0.001517067003792727,-0.001517067003792727
2020-09-16,1,1,-0.002684223854140466,-0.002684223854140466
2020-09-17,0,1,0.0022851919561244216,0.0022851919561244216
2020-09-18,0,1,-0.00027022006046184543,-0.00027022006046184543
2020-09-21,0,1,-0.0059126615423599205,-0.0059126615423599205
2020-09-22,0,1,-0.005378536834055536,-0.005378536834055536
2020-09-23,1,1,-0.0040065950776118076,-0.0040065950776118076
2020-09-24,0,1,0.0007891035097951082,0.0007891035097951082
2020-09-25,1,1,-0.0032567706547823594,-0.0032567706547823594
2020-09-28,1,1,0.0027343078245916086,0.0027343078245916086
2020-09-29,0,1,0.006619904302937796,0.006619904302937796
2020-09-30,1,1,-0.0014226083993524874,-0.0014226083993524874
2020-10-01,0,1,0.001782926558780984,0.001782926558780984
2020-10-02,1,1,-0.0023162340758907662,-0.0023162340758907662
2020-10-05,0,1,0.0055138272447936565,0.0055138272447936565
2020-10-06,1,1,-0.0041254265487327135,-0.0041254265487327135
2020-10-07,0,1,0.002625298329355541,0.002625298329355541
2020-10-08,1,1,-0.000459074370047885,-0.000459074370047885
2020-10-09,0,1,0.0058346233010699855,0.0058346233010699855
2020-10-12,0,1,-0.0010147133434805777,-0.0010147133434805777
2020-10-13,1,1,-0.005925173522938754,-0.005925173522938754
2020-10-14,0,1,0.00025544959128054323,0.00025544959128054323
2020-10-15,1,1,-0.003234868477058006,-0.003234868477058006
2020-10-16,1,1,0.0005807498505423503,0.0005807498505423503
2020-10-19,1,1,0.004336024855323473,0.004336024855323473
2020-10-20,1,1,0.00471674060476257,0.00471674060476257
2020-10-21,0,1,0.003028226795577682,0.003028226795577682
2020-10-22,1,1,-0.0032299142343922282,-0.0032299142343922282
2020-10-23,0,1,0.003333446140309393,0.003333446140309393
2020-10-26,0,1,-0.004216207100092628,-0.004216207100092628
2020-10-27,0,1,-0.0018545177407063296,-0.0018545177407063296
2020-10-28,0,1,-0.0034868627567423705,-0.0034868627567423705
2020-10-29,0,1,-0.00612123276008858,-0.00612123276008858
2020-10-30,0,1,-0.002415603772453534,-0.002415603772453534
2020-11-02,1,1,-0.0004894426364643323,-0.0004894426364643323
2020-11-03,0,1,0.006279960825415376,0.006279960825415376
2020-11-04,1,1,-0.0035173691444767563,-0.0035173691444767563
2020-11-05,1,1,0.013245260064598474,0.013245260064598474
2020-11-06,0,1,0.0037964943729018596,0.0037964943729018596
2020-11-09,1,1,-0.004969843997439272,-0.004969843997439272
2020-11-10,1,1,8.465536799695528e-05,8.465536799695528e-05
2020-11-11,0,1,0.0008464820207219059,0.0008464820207219059
2020-11-12,1,1,-0.001666159207009743,-0.001666159207009743
2020-11-13,1,1,0.0026347224222502685,0.0026347224222502685
2020-11-16,1,1,0.00125052809463444,0.00125052809463444
2020-11-17,0,1,0.0009620415534441484,0.0009620415534441484
2020-11-18,1,1,-0.0007334839645231073,-0.0007334839645231073
2020-11-19,0,1,0.0018392744146804585,0.0018392744146804585
2020-11-20,0,1,-0.0016758882628870042,-0.0016758882628870042
2020-11-23,1,1,-0.0012822243217708307,-0.0012822243217708307
2020-11-24,1,1,0.004273937428204366,0.004273937428204366
2020-11-25,0,1,0.0021278743124359956,0.0021278743124359956
2020-11-26,1,1,-0.0002517813530729107,-0.0002517813530729107
2020-11-27,0,1,0.00418901788937287,0.00418901788937287
2020-11-30,1,1,-0.0031349272696872266,-0.0031349272696872266
2020-12-01,1,1,0.012075978028428747,0.012075978028428747
2020-12-02,1,1,0.0037038571487757466,0.0037038571487757466
2020-12-03,0,1,0.0024601261433807586,0.0024601261433807586
2020-12-04,0,1,-0.0018776249691179192,-0.0018776249691179192
2020-12-07,0,1,-0.0010230854276332968,-0.0010230854276332968
2020-12-08,1,1,-0.0005616214341168657,-0.0005616214341168657
2020-12-09,1,1,0.0026444095529296607,0.0026444095529296607
2020-12-10,0,1,0.00020604961674752786,0.00020604961674752786
2020-12-11,1,1,-0.001928227102303115,-0.001928227102303115
2020-12-14,1,1,0.00255942404702747,0.00255942404702747
2020-12-15,1,1,0.0006093995767142424,0.0006093995767142424
2020-12-16,1,1,0.00390930414386248,0.00390930414386248
2020-12-17,0,1,0.005566486309231067,0.005566486309231067
2020-12-18,0,1,-0.0008886424966778605,-0.0008886424966778605
2020-12-21,0,1,-0.0009791921664626946,-0.0009791921664626946
2020-12-22,1,1,-0.006697704810912364,-0.006697704810912364
2020-12-23,0,1,0.0019899679302690654,0.0019899679302690654
2020-12-24,0,1,-6.565341561903804e-05,-6.565341561903804e-05
2020-12-25,1,1,-9.848658940936339e-05,-9.848658940936339e-05
2020-12-28,1,1,0.0026922319259308214,0.0026922319259308214
2020-12-29,1,1,0.002578585461689542,0.002578585461689542
2020-12-30,0,1,0.003959991835068344,0.003959991835068344
2020-12-31,0,1,-0.006685100845803649,-0.006685100845803649
2021-01-01,1,1,0.0,0.0
2021-01-04,1,1,0.0026445496078206787,0.0026445496078206787
2021-01-05,1,1,0.00405026906525352,0.00405026906525352
2021-01-06,0,1,0.0023178834877233268,0.0023178834877233268
2021-01-07,0,1,-0.004495220785121989,-0.004495220785121989
2021-01-08,0,1,-0.005852243088158571,-0.005852243088158571
2021-01-11,1,1,-0.003894400262359654,-0.003894400262359654
2021-01-12,0,1,0.004584550804559884,0.004584550804559884
2021-01-13,0,1,-0.003990102579228605,-0.003990102579228605
2021-01-14,0,1,-0.00041130259531929614,-0.00041130259531929614
2021-01-15,0,1,-0.006303748508414642,-0.006303748508414642
2021-01-18,1,1,-3.312656833598382e-05,-3.312656833598382e-05
2021-01-19,0,1,0.004430825292973006,0.004430825292973006
2021-01-20,1,1,-0.0019459102902376069,-0.0019459102902376069
2021-01-21,1,1,0.00455206371236927,0.00455206371236927
2021-01-22,0,1,0.0008799703935193914,0.0008799703935193914
2021-01-25,1,1,-0.002604723011947141,-0.002604723011947141
2021-01-26,0,1,0.0017135560406968953,0.0017135560406968953
2021-01-27,1,1,-0.004260113657858611,-0.004260113657858611
2021-01-28,1,1,0.0010406772661573083,0.0010406772661573083
2021-01-29,0,1,0.0013283718781196274,0.0013283718781196274
2021-02-01,0,1,-0.006361134457243622,-0.006361134457243622
2021-02-02,0,1,-0.0014097354672858442,-0.0014097354672858442
2021-02-03,0,1,-0.0005979073243645994,-0.0005979073243645994
2021-02-04,1,1,-0.006049124206468082,-0.006049124206468082
2021-02-05,1,1,0.006771442902524738,0.006771442902524738
2021-02-08,1,1,0.000232500207589581,0.000232500207589581
2021-02-09,1,1,0.00591077387969241,0.00591077387969241
2021-02-10,1,1,4.951720722945474e-05,4.951720722945474e-05
2021-02-11,0,1,0.0009820426487092693,0.0009820426487092693
2021-02-12,1,1,-0.0009728348241889728,-0.0009728348241889728
2021-02-15,0,1,0.0007509675928600856,0.0007509675928600856
2021-02-16,0,1,-0.0017069630900155008,-0.0017069630900155008
2021-02-17,1,1,-0.005691345685233107,-0.005691345685233107
2021-02-18,1,1,0.0043116339348021615,0.0043116339348021615
2021-02-19,1,1,0.0022830483658833334,0.0022830483658833334
2021-02-22,0,1,0.0031691797271535815,0.0031691797271535815
2021-02-23,1,1,-0.0005347549588239353,-0.0005347549588239353
2021-02-24,1,1,0.0014651894045403235,0.0014651894045403235
2021-02-25,0,1,0.0006246712256707809,0.0006246712256707809
2021-02-26,0,1,-0.008509939214719986,-0.008509939214719986
2021-03-01,1,1,-0.0017563626723222647,-0.0017563626723222647
2021-03-02,0,1,0.003386116920625515,0.003386116920625515
2021-03-03,0,1,-0.0022001654259720116,-0.0022001654259720116
2021-03-04,0,1,-0.007841901951357033,-0.007841901951357033
2021-03-05,0,1,-0.00508822939643061,-0.00508822939643061
2021-03-08,1,1,-0.0051982297466387495,-0.0051982297466387495
2021-03-09,1,1,0.004516292419382006,0.004516292419382006
2021-03-10,1,1,0.002453884617000801,0.002453884617000801
2021-03-11,0,1,0.00462749503298765,0.00462749503298765
2021-03-12,0,1,-0.0026952828378074,-0.0026952828378074
2021-03-15,0,1,-0.0020583018173297996,-0.0020583018173297996
2021-03-16,1,1,-0.0021966965708057895,-0.0021966965708057895
2021-03-17,0,1,0.00665501478892172,0.00665501478892172
2021-03-18,0,1,-0.0056427378964940544,-0.0056427378964940544
2021-03-19,1,1,-0.0007051475773145466,-0.0007051475773145466
2021-03-22,0,1,0.0023941532258064946,0.0023941532258064946
2021-03-23,0,1,-0.006997695369788226,-0.006997695369788226
2021-03-24,0,1,-0.003147944974259409,-0.003147944974259409
2021-03-25,1,1,-0.0036997214626175445,-0.0036997214626175445
2021-03-26,0,1,0.00210740992522096,0.00210740992522096
2021-03-29,0,1,-0.0023064920968727254,-0.0023064920968727254
2021-03-30,1,1,-0.00405419188141698,-0.00405419188141698
2021-03-31,1,1,0.0007424538526528135,0.0007424538526528135
2021-04-01,0,1,0.004042092337079861,0.004042092337079861
2021-04-02,1,1,-0.0011041277390861914,-0.0011041277390861914
2021-04-05,1,1,0.004361873990307075,0.004361873990307075
2021-04-06,0,1,0.004884738789228127,0.004884738789228127
2021-04-07,1,1,-0.00016849199663016012,-0.00016849199663016012
2021-04-08,0,1,0.0038928210313446954,0.0038928210313446954
2021-04-09,1,1,-0.0011247083312349027,-0.0011247083312349027
2021-04-12,1,1,0.0008318768486152983,0.0008318768486152983
2021-04-13,1,1,0.0032407834971914795,0.0032407834971914795
2021-04-14,0,1,0.002410183023273227,0.002410183023273227
2021-04-15,1,1,-0.0010602683230229726,-0.0010602683230229726
2021-04-16,1,1,0.0014124057699700376,0.0014124057699700376
2021-04-19,0,1,0.004565066806873519,0.004565066806873519
2021-04-20,1,1,-0.00033230871479605906,-0.00033230871479605906
2021-04-21,0,1,0.00014958863126413036,0.00014958863126413036
2021-04-22,1,1,-0.0015953734170905953,-0.0015953734170905953
2021-04-23,0,1,0.0067329138786242915,0.0067329138786242915
2021-04-26,1,1,-0.0009672219236968038,-0.0009672219236968038
2021-04-27,1,1,0.00038064345293253865,0.00038064345293253865
2021-04-28,0,1,0.002870283057885503,0.002870283057885503
2021-04-29,0,1,-0.00025568908207618257,-0.00025568908207618257
2021-04-30,1,1,-0.008415147265077083,-0.008415147265077083
2021-05-03,0,1,0.003660870288709539,0.003660870288709539
2021-05-04,0,1,-0.0043936002652739115,-0.0043936002652739115
2021-05-05,1,1,-0.00033305578684439396,-0.00033305578684439396
2021-05-06,1,1,0.0046643344994170555,0.0046643344994170555
2021-05-07,0,1,0.00833195158348543,0.00833195158348543
2021-05-10,1,1,-0.002532374100719381,-0.002532374100719381
2021-05-11,0,1,0.0013435874609495357,0.0013435874609495357
2021-05-12,1,1,-0.006478432663812983,-0.006478432663812983
2021-05-13,1,1,0.0010522565517467886,0.0010522565517467886
2021-05-14,1,1,0.0052226452574077875,0.0052226452574077875
2021-05-17,1,1,0.0007081045030505884,0.0007081045030505884
2021-05-18,0,1,0.005784246772587709,0.005784246772587709
2021-05-19,1,1,-0.00386943717277477,-0.00386943717277477
2021-05-20,0,1,0.004278663348854739,0.004278663348854739
2021-05-21,1,1,-0.004154127960225074,-0.004154127960225074
2021-05-24,1,1,0.0031203810149449396,0.0031203810149449396
2021-05-25,0,1,0.00269318925998685,0.00269318925998685
2021-05-26,1,1,-0.004588167100719187,-0.004588167100719187
2021-05-27,0,1,7.381465959133138e-05,7.381465959133138e-05
2021-05-28,1,1,-0.0003772470804355166,-0.0003772470804355166
2021-05-31,0,1,0.0030355238329640155,0.0030355238329640155
2021-06-01,0,1,-0.0010142319646654352,-0.0010142319646654352
2021-06-02,0,1,-0.00028656579550667693,-0.00028656579550667693
2021-06-03,1,1,-0.0068877404771460204,-0.0068877404771460204
2021-06-04,1,1,0.0031337621639453417,0.0031337621639453417
2021-06-07,0,1,0.0021703387043734423,0.0021703387043734423
2021-06-08,1,1,-0.0015093844336525608,-0.0015093844336525608
2021-06-09,0,1,0.000492934604009232,0.000492934604009232
2021-06-10,0,1,-0.00041057644933484294,-0.00041057644933484294
2021-06-11,1,1,-0.0053396861907499815,-0.0053396861907499815
2021-06-14,1,1,0.0008424182358768295,0.0008424182358768295
2021-06-15,0,1,0.0008087009621893237,0.0008087009621893237
2021-06-16,0,1,-0.011048812664907759,-0.011048812664907759
2021-06-17,0,1,-0.007420376855094335,-0.007420376855094335
2021-06-18,1,1,-0.0038471230575386484,-0.0038471230575386484
2021-06-21,1,1,0.004991905018888243,0.004991905018888243
2021-06-22,0,1,0.0017200295341655014,0.0017200295341655014
2021-06-23,1,1,-0.0009716138002662245,-0.0009716138002662245
2021-06-24,1,1,0.0002515238151132859,0.0002515238151132859
2021-06-25,0,1,0.0002263145101129016,0.0002263145101129016
2021-06-28,0,1,-0.0007039302773820255,-0.0007039302773820255
2021-06-29,0,1,-0.0022139107391442314,-0.0022139107391442314
2021-06-30,0,1,-0.003462708645005197,-0.003462708645005197
2021-07-01,1,1,-0.0007590452897021649,-0.0007590452897021649
2021-07-02,0,1,0.0011816340310599749,0.0011816340310599749
2021-07-05,0,1,-4.215140785690519e-05,-4.215140785690519e-05
2021-07-06,0,1,-0.003439699869325241,-0.003439699869325241
2021-07-07,1,1,-0.00234334684071158,-0.00234334684071158
2021-07-08,1,1,0.004358517764775582,0.004358517764775582
2021-07-09,0,1,0.002549728141568952,0.002549728141568952
2021-07-12,0,1,-0.0012463577720511765,-0.0012463577720511765
2021-07-13,1,1,-0.007065886439906244,-0.007065886439906244
2021-07-14,0,1,0.004976222826087007,0.004976222826087007
2021-07-15,0,1,-0.0019350041404018192,-0.0019350041404018192
2021-07-16,0,1,-0.0005672341830557093,-0.0005672341830557093
2021-07-19,0,1,-0.0006353240152477957,-0.0006353240152477957
2021-07-20,1,1,-0.001440983259165085,-0.001440983259165085
2021-07-21,0,1,0.001213870379016102,0.001213870379016102
2021-07-22,1,1,-0.002289144368704976,-0.002289144368704976
2021-07-23,1,1,1.6995530175645257e-05,1.6995530175645257e-05
2021-07-26,1,1,0.0028042148198503813,0.0028042148198503813
2021-07-27,1,1,0.0012965002965850125,0.0012965002965850125
2021-07-28,1,1,0.002293442109628119,0.002293442109628119
2021-07-29,0,1,0.003571609504027462,0.003571609504027462
2021-07-30,1,1,-0.0014555305955896713,-0.0014555305955896713
2021-08-02,0,1,4.2128677833597195e-05,4.2128677833597195e-05
2021-08-03,0,1,-0.0005813512625433281,-0.0005813512625433281
2021-08-04,0,1,-0.0022761760242790974,-0.0022761760242790974
2021-08-05,0,1,-0.0001520912547529063,-0.0001520912547529063
2021-08-06,0,1,-0.006101477199743077,-0.006101477199743077
2021-08-09,0,1,-0.001955616019045925,-0.001955616019045925
2021-08-10,1,1,-0.0015334810018742262,-0.0015334810018742262
2021-08-11,0,1,0.0017406143344709246,0.0017406143344709246
2021-08-12,1,1,-0.0008006541514768983,-0.0008006541514768983
2021-08-13,0,1,0.005336288466456285,0.005336288466456285
2021-08-16,0,1,-0.001661918328584977,-0.001661918328584977
2021-08-17,0,1,-0.005461185663325874,-0.005461185663325874
2021-08-18,0,1,-3.415971374165494e-05,-3.415971374165494e-05
2021-08-19,1,1,-0.0027926519945684625,-0.0027926519945684625
2021-08-20,1,1,0.001567237038178959,0.001567237038178959
2021-08-23,1,1,0.004369425989106501,0.004369425989106501
2021-08-24,1,1,0.0007662182870764589,0.0007662182870764589
2021-08-25,0,1,0.001156954487452122,0.001156954487452122
2021-08-26,1,1,-0.0012405893649202193,-0.0012405893649202193
2021-08-27,1,1,0.003266972945380253,0.003266972945380253
2021-08-30,1,1,0.00044944201350016755,0.00044944201350016755
2021-08-31,1,1,0.0008730515269925743,0.0008730515269925743
2021-09-01,1,1,0.0024728997289973353,0.0024728997289973353
2021-09-02,1,1,0.0029821241509815355,0.0029821241509815355
2021-09-03,0,1,0.0009012423668142144,0.0009012423668142144
2021-09-06,0,1,-0.001085566177460584,-0.001085566177460584
2021-09-07,0,1,-0.0021313698895562005,-0.0021313698895562005
2021-09-08,1,1,-0.0024989447024061917,-0.0024989447024061917
2021-09-09,0,1,0.0007532542275336951,0.0007532542275336951
2021-09-10,0,1,-0.0010825165126054914,-0.0010825165126054914
2021-09-13,0,1,-4.233162595768114e-05,-4.233162595768114e-05
2021-09-14,1,1,-0.0006688680044026896,-0.0006688680044026896
2021-09-15,0,1,0.0009997373571348778,0.0009997373571348778
2021-09-16,0,1,-0.004088058299266062,-0.004088058299266062
2021-09-17,1,1,-0.003620417112844776,-0.003620417112844776
2021-09-20,0,1,0.0002814738996927968,0.0002814738996927968
2021-09-21,0,1,-0.00015348801514425414,-0.00015348801514425414
2021-09-22,1,1,-0.002771736812929082,-0.002771736812929082
2021-09-23,0,1,0.003848456341400741,0.003848456341400741
2021-09-24,0,1,-0.001703867779860313,-0.001703867779860313
2021-09-27,0,1,-0.0018689196108550021,-0.0018689196108550021
2021-09-28,0,1,-0.0012739289164763745,-0.0012739289164763745
2021-09-29,0,1,-0.007293771187891762,-0.007293771187891762
2021-09-30,1,1,-0.0013797861331493744,-0.0013797861331493744
2021-10-01,1,1,0.0012089810017272828,0.0012089810017272828
2021-10-04,0,1,0.0020700362256338423,0.0020700362256338423
2021-10-05,0,1,-0.001893613358581514,-0.001893613358581514
2021-10-06,1,1,-0.003621938599517094,-0.003621938599517094
2021-10-07,1,1,3.462004500609517e-05,3.462004500609517e-05
2021-10-08,0,1,0.0010904936647511132,0.0010904936647511132
2021-10-11,0,1,-0.0011238869196853463,-0.0011238869196853463
2021-10-12,1,1,-0.0020772027003634896,-0.0020772027003634896
2021-10-13,1,1,0.0058456201214223125,0.0058456201214223125
2021-10-14,1,1,5.173573387140529e-05,5.173573387140529e-05
2021-10-15,1,1,0.00017244352474565794,0.00017244352474565794
2021-10-18,1,1,0.0007672413793105015,0.0007672413793105015
2021-10-19,1,1,0.0016969738734935458,0.0016969738734935458
2021-10-20,0,1,0.0016683005692861297,0.0016683005692861297
2021-10-21,1,1,-0.001974587912087933,-0.001974587912087933
2021-10-22,0,1,0.0018924731182794474,0.0018924731182794474
2021-10-25,0,1,-0.0031853696230790263,-0.0031853696230790263
2021-10-26,1,1,-0.001541787612296397,-0.001541787612296397
2021-10-27,1,1,0.0008367839889578121,0.0008367839889578121
2021-10-28,0,1,0.006835205185447002,0.006835205185447002
2021-10-29,1,1,-0.010273093057101335,-0.010273093057101335
2021-11-01,0,1,0.0037194014358621352,0.0037194014358621352
2021-11-02,1,1,-0.002214753533264502,-0.002214753533264502
2021-11-03,0,1,0.0029969857405665046,0.0029969857405665046
2021-11-04,1,1,-0.005201067768879741,-0.005201067768879741
2021-11-05,1,1,0.0011599120544294461,0.0011599120544294461
2021-11-08,1,1,0.0017551443887255935,0.0017551443887255935
2021-11-09,0,1,0.00052648386456422,0.00052648386456422
2021-11-10,0,1,-0.009859908215727575,-0.009859908215727575
2021-11-11,0,1,-0.002456852614979854,-0.002456852614979854
2021-11-12,0,1,-0.0004541524380123896,-0.0004541524380123896
2021-11-15,0,1,-0.006771693447622185,-0.006771693447622185
2021-11-16,0,1,-0.0041610950805826,-0.0041610950805826
2021-11-17,1,1,-0.00016784600570685093,-0.00016784600570685093
2021-11-18,0,1,0.0046828061494963436,0.0046828061494963436
2021-11-19,0,1,-0.00805557998417028,-0.00805557998417028
2021-11-22,1,1,-0.004025036792737247,-0.004025036792737247
2021-11-23,0,1,0.0012195121951219523,0.0012195121951219523
2021-11-24,1,1,-0.004445353272224617,-0.004445353272224617
2021-11-25,1,1,0.0007858756708967185,0.0007858756708967185
2021-11-26,0,1,0.009726498014545282,0.009726498014545282
2021-11-29,1,1,-0.002200521408687317,-0.002200521408687317
2021-11-30,0,1,0.004091899456184933,0.004091899456184933
2021-12-01,0,1,-0.0015701079669748763,-0.0015701079669748763
2021-12-02,1,1,-0.0016344200017668342,-0.0016344200017668342
2021-12-03,0,1,0.0011149949117295055,0.0011149949117295055
2021-12-06,0,1,-0.002483846160645564,-0.002483846160645564
2021-12-07,1,1,-0.0015773150199380748,-0.0015773150199380748
2021-12-08,0,1,0.006549985799488844,0.006549985799488844
2021-12-09,1,1,-0.004294153954677804,-0.004294153954677804
2021-12-10,0,1,0.00192166343437572,0.00192166343437572
2021-12-13,0,1,-0.002678097931765877,-0.002678097931765877
2021-12-14,1,1,-0.0022864840433546307,-0.0022864840433546307
2021-12-15,1,1,0.0027802698549461713,0.0027802698549461713
2021-12-16,0,1,0.0036317896750877043,0.0036317896750877043
2021-12-17,1,1,-0.00822580360452596,-0.00822580360452596
2021-12-20,0,1,0.0038355432944736645,0.0038355432944736645
2021-12-21,1,1,0.0,0.0
2021-12-22,1,1,0.004051382523204472,0.004051382523204472
2021-12-23,0,1,0.00022956435748477944,0.00022956435748477944
2021-12-24,1,1,-0.0009092193072279819,-0.0009092193072279819
2021-12-27,0,1,0.0007863510659917861,0.0007863510659917861
2021-12-28,1,1,-0.001633265648450677,-0.001633265648450677
2021-12-29,0,1,0.003307246761285798,0.003307246761285798
2021-12-30,1,1,-0.001842075110832897,-0.001842075110832897
2021-12-31,0,1,0.0036114790286974063,0.0036114790286974063
2022-01-03,0,1,-0.006105983688049266,-0.006105983688049266
2022-01-04,1,1,-0.0009294914354003314,-0.0009294914354003314
2022-01-05,0,1,0.002268297005139086,0.002268297005139086
2022-01-06,1,1,-0.0016885321263127029,-0.0016885321263127029
2022-01-07,0,1,0.005915430595528015,0.005915430595528015
2022-01-10,1,1,-0.0030195522611429215,-0.0030195522611429215
2022-01-11,1,1,0.0036203090507727076,0.0036203090507727076
2022-01-12,1,1,0.006581031145521665,0.006581031145521665
2022-01-13,0,1,0.0012149500034963623,0.0012149500034963623
2022-01-14,0,1,-0.003980898670414623,-0.003980898670414623
2022-01-17,0,1,-0.0002717129309061095,-0.0002717129309061095
2022-01-18,1,1,-0.007276871821848108,-0.007276871821848108
2022-01-19,0,1,0.0017133268568398918,0.0017133268568398918
2022-01-20,1,1,-0.0027331076315417757,-0.0027331076315417757
2022-01-21,0,1,0.002554944569195694,0.002554944569195694
2022-01-24,0,1,-0.0011728084794935256,-0.0011728084794935256
2022-01-25,0,1,-0.002277743444866309,-0.002277743444866309
2022-01-26,0,1,-0.005344565178919125,-0.005344565178919125
2022-01-27,1,1,-0.008753825350508948,-0.008753825350508948
2022-01-28,1,1,0.00028719126938558937,0.00028719126938558937
2022-01-31,1,1,0.007877548090726494,0.007877548090726494
2022-02-01,1,1,0.0032937489985223056,0.0032937489985223056
2022-02-02,1,1,0.0028215502555366534,0.0028215502555366534
2022-02-03,1,0,0.012192316540142523,0.0
2022-02-04,0,0,0.0006993006993007977,0.0
2022-02-07,0,1,-0.0005939902166317568,-0.0005939902166317568
2022-02-08,1,1,-0.0022637485578436145,-0.0022637485578436145
2022-02-09,1,1,0.0006745333017967869,0.0006745333017967869
2022-02-10,0,1,0.0003501707082202987,0.0003501707082202987
2022-02-11,0,1,-0.007114728275137816,-0.007114728275137816
2022-02-14,1,1,-0.003569634310796266,-0.003569634310796266
2022-02-15,1,1,0.004670417153168405,0.004670417153168405
2022-02-16,0,1,0.0012414157422082628,0.0012414157422082628
2022-02-17,0,1,-0.0011343551322974266,-0.0011343551322974266
2022-02-18,0,1,-0.003424536939221068,-0.003424536939221068
2022-02-21,1,1,-0.000892202503467332,-0.000892202503467332
2022-02-22,0,1,0.0011317218086330794,0.0011317218086330794
2022-02-23,0,1,-0.0016426742029499453,-0.0016426742029499453
2022-02-24,1,1,-0.00999610771027204,-0.00999610771027204
2022-02-25,0,1,0.006639026395267811,0.006639026395267811
2022-02-28,0,1,-0.004278473596847077,-0.004278473596847077
2022-03-01,0,1,-0.008344105192779172,-0.008344105192779172
2022-03-02,0,1,-0.0004764516042035094,-0.0004764516042035094
2022-03-03,0,1,-0.004739805371179906,-0.004739805371179906
2022-03-04,0,1,-0.012814140738665492,-0.012814140738665492
2022-03-07,1,1,-0.006334617954797173,-0.006334617954797173
2022-03-08,1,1,0.004090318657933301,0.004090318657933301
2022-03-09,0,1,0.016120301303753415,0.016120301303753415
2022-03-10,0,1,-0.008135440180586873,-0.008135440180586873
2022-03-11,1,1,-0.006827554188021834,-0.006827554188021834
2022-03-14,1,1,0.0029422817807680524,0.0029422817807680524
2022-03-15,1,1,0.0006397367940047527,0.0006397367940047527
2022-03-16,1,1,0.007480135172161839,0.007480135172161839
2022-03-17,0,1,0.00524889174954013,0.00524889174954013
2022-03-18,0,0,-0.003499026044297082,-0.0
2022-03-21,1,1,-0.002895927601810011,-0.002895927601810011
2022-03-22,0,1,0.0009076057360684064,0.0009076057360684064
2022-03-23,0,1,-0.002085600290170464,-0.002085600290170464
2022-03-24,0,1,-0.0007814629713767118,-0.0007814629713767118
2022-03-25,1,1,-0.0013095194791021836,-0.0013095194791021836
2022-03-28,1,1,0.00019122199963583775,0.00019122199963583775
2022-03-29,1,1,0.009286149980426206,0.009286149980426206
2022-03-30,0,1,0.006395396036477985,0.006395396036477985
2022-03-31,0,1,-0.008156314421439381,-0.008156314421439381
2022-04-01,0,1,-0.0017169709018615142,-0.0017169709018615142
2022-04-04,0,1,-0.006762016837150386,-0.006762016837150386
2022-04-05,0,1,-0.006042488812737501,-0.006042488812737501
2022-04-06,0,1,-0.0009077571978727272,-0.0009077571978727272
2022-04-07,0,1,-0.001661144813281723,-0.001661144813281723
2022-04-08,1,1,-0.0002757859900718307,-0.0002757859900718307
2022-04-11,0,1,0.0006712643678161712,0.0006712643678161712
2022-04-12,1,1,-0.0050816463431444525,-0.0050816463431444525
2022-04-13,0,1,0.005717188510205862,0.005717188510205862
2022-04-14,0,1,-0.005684688076848854,-0.005684688076848854
2022-04-15,0,1,-0.0020319571441765882,-0.0020319571441765882
2022-04-18,1,1,-0.0024988431281813828,-0.0024988431281813828
2022-04-19,1,1,0.0009278159213210735,0.0009278159213210735
2022-04-20,0,1,0.0058027437893954925,0.0058027437893954925
2022-04-21,0,1,-0.0014745728346817755,-0.0014745728346817755
2022-04-22,0,1,-0.0037472541672052273,-0.0037472541672052273
2022-04-25,0,1,-0.007587548638132269,-0.007587548638132269
2022-04-26,0,1,-0.00697342257820599,-0.00697342257820599
2022-04-27,0,1,-0.007830860924662009,-0.007830860924662009
2022-04-28,1,1,-0.005287044845131206,-0.005287044845131206
2022-04-29,0,1,0.004067325185982407,0.004067325185982407
2022-05-02,1,1,-0.0035385637036334794,-0.0035385637036334794
2022-05-03,1,1,0.0016851204813541631,0.0016851204813541631
2022-05-04,0,1,0.009723040659988191,0.009723040659988191
2022-05-05,1,1,-0.007888023946459377,-0.007888023946459377
2022-05-06,1,1,0.0010531409216405496,0.0010531409216405496
2022-05-09,0,1,0.0005117998293999726,0.0005117998293999726
2022-05-10,0,1,-0.0025766359743850664,-0.0025766359743850664
2022-05-11,0,1,-0.0015195836340843316,-0.0015195836340843316
2022-05-12,1,1,-0.012907582848229016,-0.012907582848229016
2022-05-13,1,1,0.0033245001204529334,0.0033245001204529334
2022-05-16,1,1,0.002180176719170257,0.002180176719170257
2022-05-17,0,1,0.01097300353627828,0.01097300353627828
2022-05-18,1,1,-0.00831342661054879,-0.00831342661054879
2022-05-19,0,0,0.01144195383071267,0.0
2022-05-20,1,1,-0.0020035534721958292,-0.0020035534721958292
2022-05-23,1,0,0.012215909090909083,0.0
2022-05-24,0,0,0.004022827205538482,0.0
2022-05-25,1,1,-0.004985091315691359,-0.004985091315691359
2022-05-26,1,0,0.004822774734279056,0.0
2022-05-27,1,0,0.00015843429636541728,0.0
2022-05-30,0,0,0.004221139241685989,0.0
2022-05-31,0,1,-0.004240512201911684,-0.004240512201911684
2022-06-01,1,1,-0.007398917186174914,-0.007398917186174914
2022-06-02,0,1,0.008937372675297262,0.008937372675297262
2022-06-03,0,1,-0.002614658838198225,-0.002614658838198225
2022-06-06,1,1,-0.0023323071182014266,-0.0023323071182014266
2022-06-07,1,1,0.0010099121002433709,0.0010099121002433709
2022-06-08,0,1,0.0010369180180853643,0.0010369180180853643
2022-06-09,0,1,-0.009219944195074659,-0.009219944195074659
2022-06-10,0,1,-0.009616561961364067,-0.009616561961364067
2022-06-13,1,1,-0.010223490252020961,-0.010223490252020961
2022-06-14,1,1,0.0004035551285128669,0.0004035551285128669
2022-06-15,1,1,0.0032079295408051767,0.0032079295408051767
2022-06-16,0,1,0.010425941350489465,0.010425941350489465
2022-06-17,1,1,-0.005306045101383217,-0.005306045101383217
2022-06-20,1,1,0.0013050104781862082,0.0013050104781862082
2022-06-21,1,1,0.0020929059999810207,0.0020929059999810207
2022-06-22,0,1,0.002857495466930038,0.002857495466930038
2022-06-23,1,1,-0.004070504931937502,-0.004070504931937502
2022-06-24,1,1,0.0031556535624668314,0.0031556535624668314
2022-06-27,0,1,0.0027477733560736795,0.0027477733560736795
2022-06-28,0,1,-0.0058773504677314126,-0.0058773504677314126
2022-06-29,1,1,-0.007775074138848592,-0.007775074138848592
2022-06-30,0,1,0.003649774882651391,0.003649774882651391
2022-07-01,0,1,-0.004686411316108474,-0.004686411316108474
2022-07-04,0,1,-0.0005753739930954849,-0.0005753739930954849
2022-07-05,0,1,-0.015102667434273687,-0.015102667434273687
2022-07-06,0,1,-0.008037332190245938,-0.008037332190245938
2022-07-07,1,1,-0.0021410121684132255,-0.0021410121684132255
2022-07-08,0,1,0.0022341859984449375,0.0022341859984449375
2022-07-11,0,1,-0.014337621526072764,-0.014337621526072764
2022-07-12,1,1,-0.0002988940918601246,-0.0002988940918601246
2022-07-13,0,1,0.0021227825393661526,0.0021227825393661526
2022-07-14,1,1,-0.0036796515270554053,-0.0036796515270554053
2022-07-15,1,1,0.006587944062365736,0.006587944062365736
2022-07-18,1,1,0.005920093610860544,0.005920093610860544
2022-07-19,0,0,0.008083596214510935,0.0
2022-07-20,1,1,-0.004586348523371697,-0.004586348523371697
2022-07-21,0,0,0.004676248391311422,0.0
2022-07-22,1,1,-0.001632980335787737,-0.001632980335787737
2022-07-25,0,1,0.0009794319294809117,0.0009794319294809117
2022-07-26,1,1,-0.009990215264187863,-0.009990215264187863
2022-07-27,0,1,0.008094565077733762,0.008094565077733762
2022-07-28,1,1,-0.000500009804113799,-0.000500009804113799
2022-07-29,1,1,0.002952514541869844,0.002952514541869844
2022-08-01,0,1,0.0033154682732181584,0.0033154682732181584
2022-08-02,1,1,-0.009377406494000207,-0.009377406494000207
2022-08-03,1,1,0.0006494464944648559,0.0006494464944648559
2022-08-04,0,1,0.007434286220019404,0.007434286220019404
2022-08-05,1,1,-0.0062178492293576415,-0.0062178492293576415
2022-08-08,1,1,0.0011786661428150325,0.0011786661428150325
2022-08-09,1,1,0.002030805454723561,0.002030805454723561
2022-08-10,1,1,0.008214457052782231,0.008214457052782231
2022-08-11,0,1,0.0022238191423242792,0.0022238191423242792
2022-08-12,0,1,-0.006055908143985156,-0.006055908143985156
2022-08-15,1,1,-0.009563267693507571,-0.009563267693507571
2022-08-16,1,1,0.0007283536255278111,0.0007283536255278111
2022-08-17,0,1,0.0008556843999882879,0.0008556843999882879
2022-08-18,0,1,-0.00878537735849072,-0.00878537735849072
2022-08-19,0,1,-0.005214839490016332,-0.005214839490016332
2022-08-22,1,1,-0.009128961530795343,-0.009128961530795343
2022-08-23,0,1,0.002574831026713964,0.002574831026713964
2022-08-24,1,1,-3.0096308186178256e-05,-3.0096308186178256e-05
2022-08-25,0,1,0.0008627868013684203,0.0008627868013684203
2022-08-26,1,1,-0.0015336347142728135,-0.0015336347142728135
2022-08-29,1,1,0.003704447344644146,0.003704447344644146
2022-08-30,1,1,0.0017603696776322675,0.0017603696776322675
2022-08-31,0,1,0.0034546452997854527,0.0034546452997854527
2022-09-01,1,1,-0.010656610381986287,-0.010656610381986287
2022-09-02,0,1,0.0007040128733781792,0.0007040128733781792
2022-09-05,0,1,-0.0020804020100502196,-0.0020804020100502196
2022-09-06,1,1,-0.0025480144622481715,-0.0025480144622481715
2022-09-07,0,1,0.010490710823909621,0.010490710823909621
2022-09-08,1,1,-0.001099131685968202,-0.001099131685968202
2022-09-09,1,1,0.004211305504706608,0.004211305504706608
2022-09-12,0,1,0.007948998904273141,0.007948998904273141
2022-09-13,1,1,-0.015278491520733573,-0.015278491520733573
2022-09-14,1,1,0.0014150659360510076,0.0014150659360510076
2022-09-15,1,1,0.001773849252878712,0.001773849252878712
2022-09-16,1,1,0.0019007603041216736,0.0019007603041216736
2022-09-19,0,1,0.0010584123814276758,0.0010584123814276758
2022-09-20,0,1,-0.005635572933290756,-0.005635572933290756
2022-09-21,0,1,-0.013351255379121407,-0.013351255379121407
2022-09-22,0,1,-0.00028466856445719113,-0.00028466856445719113
2022-09-23,0,1,-0.014562909327584084,-0.014562909327584084
2022-09-26,0,1,-0.00834881320949421,-0.00834881320949421
2022-09-27,1,1,-0.0015714270847425604,-0.0015714270847425604
2022-09-28,1,1,0.014509068167604777,0.014509068167604777
2022-09-29,0,1,0.008578884642255424,0.008578884642255424
2022-09-30,1,1,-0.0016706225106197792,-0.0016706225106197792
2022-10-03,1,1,0.0021121802393804234,0.0021121802393804234
2022-10-04,0,0,0.016474900722940555,0.0
2022-10-05,0,1,-0.009907040108987464,-0.009907040108987464
2022-10-06,0,1,-0.009348536508868022,-0.009348536508868022
2022-10-07,0,1,-0.005157534596333502,-0.005157534596333502
2022-10-10,1,1,-0.004044759264962505,-0.004044759264962505
2022-10-11,1,1,0.00011338335944577338,0.00011338335944577338
2022-10-12,1,1,0.00023704741979035937,0.00023704741979035937
2022-10-13,0,1,0.007429160226687159,0.007429160226687159
2022-10-14,1,1,-0.00594245737488619,-0.00594245737488619
2022-10-17,1,1,0.012449840518571786,0.012449840518571786
2022-10-18,0,1,0.002235772357723542,0.002235772357723542
2022-10-19,1,1,-0.009176637598864334,-0.009176637598864334
2022-10-20,1,1,0.0012996981016220044,0.0012996981016220044
2022-10-21,1,1,0.007849389832587317,0.007849389832587317
2022-10-24,1,1,0.0008112767467802762,0.0008112767467802762
2022-10-25,1,0,0.00982875671293959,0.0
2022-10-26,0,0,0.011408789885611004,0.0
2022-10-27,0,1,-0.011448753435122083,-0.011448753435122083
2022-10-28,0,1,-0.000130465762773202,-0.000130465762773202
2022-10-31,0,1,-0.008190304125263448,-0.008190304125263448
2022-11-01,0,1,-0.000688161596534953,-0.000688161596534953
2022-11-02,0,1,-0.006076195491462988,-0.006076195491462988
2022-11-03,1,1,-0.006785808896949463,-0.006785808896949463
2022-11-04,1,1,0.02155313910545753,0.02155313910545753
2022-11-07,1,0,0.006115624466514813,0.0
2022-11-08,0,0,0.0053697973849684555,0.0
2022-11-09,1,1,-0.0062048288460009315,-0.0062048288460009315
2022-11-10,1,0,0.019749657852411895,0.0
2022-11-11,0,0,0.014282915360501525,0.0
2022-11-14,1,0,-0.002636713090845788,-0.0
2022-11-15,1,0,0.0020626543359318905,0.0
2022-11-16,0,0,0.0044840449177603325,0.0
2022-11-17,0,0,-0.003213330511246726,-0.0
2022-11-18,0,1,-0.003600108099760413,-0.003600108099760413
2022-11-21,1,1,-0.00798178912190639,-0.00798178912190639
2022-11-22,1,1,0.006044272587905519,0.006044272587905519
2022-11-23,1,1,0.00896826167135778,0.00896826167135778
2022-11-24,0,1,0.0012794120476364856,0.0012794120476364856
2022-11-25,0,1,-0.0013162066348342272,-0.0013162066348342272
2022-11-28,0,1,-0.005406445406445526,-0.005406445406445526
2022-11-29,1,1,-0.0010446086586450853,-0.0010446086586450853
2022-11-30,1,1,0.007368319132455614,0.007368319132455614
2022-12-01,1,1,0.011687700041329796,0.011687700041329796
2022-12-02,0,1,0.0006460377932109296,0.0006460377932109296
2022-12-05,0,1,-0.0042535010681225005,-0.0042535010681225005
2022-12-06,1,1,-0.0021644402490536008,-0.0021644402490536008
2022-12-07,1,1,0.003621595795508803,0.003621595795508803
2022-12-08,0,1,0.004865322910815095,0.004865322910815095
2022-12-09,1,1,-0.001999241993556833,-0.001999241993556833
2022-12-12,1,1,0.00036077433565306904,0.00036077433565306904
2022-12-13,1,0,0.009082540074216716,0.0
2022-12-14,0,1,0.004617960197133231,0.004617960197133231
2022-12-15,0,1,-0.005111641623367524,-0.005111641623367524
2022-12-16,1,1,-0.0040463352435798905,-0.0040463352435798905
2022-12-19,1,1,0.002088077173820757,0.002088077173820757
2022-12-20,0,1,0.001621723552706067,0.001621723552706067
2022-12-21,0,1,-0.0018167783718653352,-0.0018167783718653352
2022-12-22,1,1,-0.0006978564490423,-0.0006978564490423
2022-12-23,1,1,0.001953475204076849,0.001953475204076849
2022-12-26,1,1,0.001506988659910391,0.001506988659910391
2022-12-27,0,1,0.0005454613850957024,0.0005454613850957024
2022-12-28,1,1,-0.002631826299464346,-0.002631826299464346
2022-12-29,1,1,0.00470266704363409,0.00470266704363409
2022-12-30,0,1,0.0039021095779905313,0.0039021095779905313
2023-01-02,0,1,-0.0034477925718290336,-0.0034477925718290336
2023-01-03,1,1,-0.011213621362136217,-0.011213621362136217
2023-01-04,0,1,0.005433339654845382,0.005433339654845382
2023-01-05,1,1,-0.007856044816236363,-0.007856044816236363
2023-01-06,1,1,0.01153041825095058,0.01153041825095058
2023-01-09,1,1,0.008260268952101857,0.008260268952101857
2023-01-10,1,1,0.000316892219363929,0.000316892219363929
2023-01-11,1,1,0.0021989079999253924,0.0021989079999253924
2023-01-12,0,0,0.00892508506721712,0.0
2023-01-13,0,1,-0.0020272387165736205,-0.0020272387165736205
2023-01-16,0,1,-0.0009602777418701303,-0.0009602777418701303
2023-01-17,1,1,-0.002966783119835781,-0.002966783119835781
2023-01-18,1,1,0.0005839984426707634,0.0005839984426707634
2023-01-19,1,1,0.003409301463776382,0.003409301463776382
2023-01-20,1,1,0.0022251357240463676,0.0022251357240463676
2023-01-23,1,1,0.0015292632820200769,0.0015292632820200769
2023-01-24,1,1,0.0012509773260360735,0.0012509773260360735
2023-01-25,0,1,0.0027836216479406595,0.0027836216479406595
2023-01-26,0,1,-0.0021804056653902393,-0.0021804056653902393
2023-01-27,0,1,-0.0024514304601710446,-0.0024514304601710446
2023-01-30,1,1,-0.001555467606696781,-0.001555467606696781
2023-01-31,1,1,0.0013458702064896855,0.0013458702064896855
2023-02-01,0,1,0.011728315504575315,0.011728315504575315
2023-02-02,0,1,-0.007352138307552436,-0.007352138307552436
2023-02-03,0,1,-0.010660726726065883,-0.010660726726065883
2023-02-06,1,1,-0.0062726421999649284,-0.0062726421999649284
2023-02-07,0,1,9.323835453045604e-06,9.323835453045604e-06
2023-02-08,1,1,-0.001435857272057528,-0.001435857272057528
2023-02-09,0,1,0.002791809447333593,0.002791809447333593
2023-02-10,1,1,-0.005996387269781578,-0.005996387269781578
2023-02-13,1,1,0.004243400715664203,0.004243400715664203
2023-02-14,0,1,0.0014831121102165667,0.0014831121102165667
2023-02-15,0,1,-0.004526572658011041,-0.004526572658011041
2023-02-16,1,1,-0.0014502245508981604,-0.0014502245508981604
2023-02-17,0,1,0.00191145467322551,0.00191145467322551
2023-02-20,0,1,-0.0008229759934161862,-0.0008229759934161862
2023-02-21,0,1,-0.003594125850563068,-0.003594125850563068
2023-02-22,0,1,-0.0039734352837295095,-0.0039734352837295095
2023-02-23,0,1,-0.0006978893562441524,-0.0006978893562441524
2023-02-24,1,1,-0.00493582483956212,-0.00493582483956212
2023-02-27,0,1,0.00609842844542241,0.00609842844542241
2023-02-28,1,1,-0.0031297134238310598,-0.0031297134238310598
2023-03-01,0,1,0.008624276582062995,0.008624276582062995
2023-03-02,1,1,-0.006506656666041555,-0.006506656666041555
2023-03-03,1,1,0.0035011230017174544,0.0035011230017174544
2023-03-06,0,1,0.0042694452542388905,0.0042694452542388905
2023-03-07,0,1,-0.012182674569954366,-0.012182674569954366
2023-03-08,1,1,-0.0005687742914020077,-0.0005687742914020077
2023-03-09,1,1,0.0034240728445413815,0.0034240728445413815
2023-03-10,1,1,0.0056337495628173695,0.0056337495628173695
2023-03-13,1,1,0.008234088751445157,0.008234088751445157
2023-03-14,0,1,0.00046614396390176616,0.00046614396390176616
2023-03-15,1,1,-0.014415774416892568,-0.014415774416892568
2023-03-16,1,1,0.00339428549817522,0.00339428549817522
2023-03-17,1,1,0.0048433451118963244,0.0048433451118963244
2023-03-20,1,1,0.0051669651815939854,0.0051669651815939854
2023-03-21,1,1,0.00453400503778334,0.00453400503778334
2023-03-22,0,0,0.008395557041495083,0.0
2023-03-23,0,0,-0.002385337999631698,-0.0
2023-03-24,1,1,-0.006766924234451355,-0.006766924234451355
2023-03-27,1,1,0.003522697698628008,0.003522697698628008
2023-03-28,0,1,0.0040012225957932746,0.0040012225957932746
2023-03-29,1,1,-3.690070941619883e-05,-3.690070941619883e-05
2023-03-30,0,1,0.006005812076202766,0.006005812076202766
2023-03-31,1,1,-0.006098343818205176,-0.006098343818205176
2023-04-03,1,1,0.005766693424124281,0.005766693424124281
2023-04-04,0,1,0.00489881290938099,0.00489881290938099
2023-04-05,1,1,-0.004409348183311956,-0.004409348183311956
2023-04-06,0,1,0.0010911725061206745,0.0010911725061206745
2023-04-07,0,1,-0.0014838426027697915,-0.0014838426027697915
2023-04-10,1,1,-0.0038894086998000343,-0.0038894086998000343
2023-04-11,1,1,0.004650520305737205,0.004650520305737205
2023-04-12,1,1,0.007507218479307021,0.007507218479307021
2023-04-13,0,1,0.0048492457739688355,0.0048492457739688355
2023-04-14,0,1,-0.004862060535822721,-0.004862060535822721
2023-04-17,1,1,-0.005977618051132727,-0.005977618051132727
2023-04-18,0,1,0.004137186164224316,0.004137186164224316
2023-04-19,1,1,-0.0014219953511690475,-0.0014219953511690475
2023-04-20,1,1,0.0010862718965942708,0.0010862718965942708
2023-04-21,1,1,0.0019331071962649382,0.0019331071962649382
2023-04-24,0,1,0.0051055697124133825,0.0051055697124133825
2023-04-25,1,1,-0.006365389665069943,-0.006365389665069943
2023-04-26,0,1,0.006032550256064528,0.006032550256064528
2023-04-27,0,1,-0.0013586956521739468,-0.0013586956521739468
2023-04-28,0,1,-0.0009977324263039655,-0.0009977324263039655
2023-05-01,1,1,-0.003540947884510648,-0.003540947884510648
2023-05-02,1,1,0.0023507972665148813,0.0023507972665148813
2023-05-03,0,1,0.005435968293215021,0.005435968293215021
2023-05-04,1,1,-0.004412057212086151,-0.004412057212086151
2023-05-05,0,1,0.0005085453785937943,0.0005085453785937943
2023-05-08,0,1,-0.0012344110225643856,-0.0012344110225643856
2023-05-09,1,1,-0.004552972609462191,-0.004552972609462191
2023-05-10,0,1,0.002583601887946596,0.002583601887946596
2023-05-11,0,1,-0.006082680750318703,-0.006082680750318703
2023-05-12,1,1,-0.00624816769275871,-0.00624816769275871
2023-05-15,0,1,0.002489167511754431,0.002489167511754431
2023-05-16,0,1,-0.001186315983078945,-0.001186315983078945
2023-05-17,0,1,-0.0020347846903167044,-0.0020347846903167044
2023-05-18,1,1,-0.006375126856721258,-0.006375126856721258
2023-05-19,1,1,0.002971243929841494,0.002971243929841494
2023-05-22,0,1,0.0009350206908043113,0.0009350206908043113
2023-05-23,0,1,-0.0036718460969293876,-0.0036718460969293876
2023-05-24,0,1,-0.0021165396433443506,-0.0021165396433443506
2023-05-25,0,1,-0.0020280013023862287,-0.0020280013023862287
2023-05-26,0,1,-0.00025168489051707876,-0.00025168489051707876
2023-05-29,1,1,-0.0015104895104894878,-0.0015104895104894878
2023-05-30,0,1,0.0022131331241594943,0.0022131331241594943
2023-05-31,1,1,-0.004369904495690746,-0.004369904495690746
2023-06-01,0,1,0.00693456614509258,0.00693456614509258
2023-06-02,1,1,-0.004990845469669325,-0.004990845469669325
2023-06-05,0,1,0.00039230338128160014,0.00039230338128160014
2023-06-06,1,1,-0.0015685981587646447,-0.0015685981587646447
2023-06-07,1,1,0.00044887500701373817,0.00044887500701373817
2023-06-08,0,1,0.0078050513170440095,0.0078050513170440095
2023-06-09,1,1,-0.003311166142630606,-0.003311166142630606
2023-06-12,1,1,0.0009771077610274403,0.0009771077610274403
2023-06-13,1,1,0.0029935387904986843,0.0029935387904986843
2023-06-14,1,1,0.003930037910035544,0.003930037910035544
2023-06-15,0,1,0.010174405185068958,0.010174405185068958
2023-06-16,0,1,-0.00010967618107549093,-0.00010967618107549093
2023-06-19,0,1,-0.0017184486430653623,-0.0017184486430653623
2023-06-20,1,1,-0.00044866453627323555,-0.00044866453627323555
2023-06-21,0,1,0.006155875563372604,0.006155875563372604
2023-06-22,0,1,-0.0025674642193816988,-0.0025674642193816988
2023-06-23,1,1,-0.0058783796118808684,-0.0058783796118808684
2023-06-26,1,1,0.0013497383160407939,0.0013497383160407939
2023-06-27,0,1,0.004960708620262766,0.004960708620262766
2023-06-28,0,1,-0.004315772185623734,-0.004315772185623734
2023-06-29,1,1,-0.004581901489118079,-0.004581901489118079
2023-06-30,1,1,0.004133486766398242,0.004133486766398242
2023-07-03,0,1,0.0002383702807267074,0.0002383702807267074
2023-07-04,0,1,-0.0028322639780018477,-0.0028322639780018477
2023-07-05,1,1,-0.0022612164609203678,-0.0022612164609203678
2023-07-06,1,1,0.0030862775807267706,0.0030862775807267706
2023-07-07,1,1,0.006980161645848693,0.006980161645848693
2023-07-10,1,1,0.003237869390733339,0.003237869390733339
2023-07-11,1,1,0.0005091140506388037,0.0005091140506388037
2023-07-12,1,0,0.011185722982980373,0.0
2023-07-13,1,0,0.008563828831257503,0.0
2023-07-14,1,0,0.0002583864213481224,0.0
2023-07-17,0,0,0.0008016817501601547,0.0
2023-07-18,0,1,-0.0007120351745375508,-0.0007120351745375508
2023-07-19,0,1,-0.002458271728093875,-0.002458271728093875
2023-07-20,0,1,-0.005884033643457798,-0.005884033643457798
2023-07-21,0,1,-0.0008442684055004479,-0.0008442684055004479
2023-07-24,0,1,-0.005555305856442816,-0.005555305856442816
2023-07-25,1,1,-0.0005152449221258459,-0.0005152449221258459
2023-07-26,0,1,0.002677037171022967,0.002677037171022967
2023-07-27,1,1,-0.009939927480020927,-0.009939927480020927
2023-07-28,0,1,0.0034893043256440937,0.0034893043256440937
2023-07-31,1,1,-0.0016251010013890177,-0.0016251010013890177
2023-08-01,0,1,0.0019369271060671878,0.0019369271060671878
2023-08-02,1,1,-0.007260779989290311,-0.007260779989290311
2023-08-03,1,1,0.0009325202731735871,0.0009325202731735871
2023-08-04,0,1,0.005379830658641005,0.005379830658641005
2023-08-07,0,1,-0.00039065339050792236,-0.00039065339050792236
2023-08-08,1,1,-0.00448972543602133,-0.00448972543602133
2023-08-09,1,1,0.002045008444789387,0.002045008444789387
2023-08-10,0,1,0.0003826565475266719,0.0003826565475266719
2023-08-11,0,1,-0.0033241955902040266,-0.0033241955902040266
2023-08-14,0,1,-0.003563726744398532,-0.003563726744398532
2023-08-15,0,1,-0.0001742383948057924,-0.0001742383948057924
2023-08-16,0,1,-0.0020361928696562837,-0.0020361928696562837
2023-08-17,1,1,-0.0012223702954827775,-0.0012223702954827775
2023-08-18,1,1,0.0003588780918728496,0.0003588780918728496
2023-08-21,0,1,0.002134098665268258,0.002134098665268258
2023-08-22,1,1,-0.004571197782326508,-0.004571197782326508
2023-08-23,0,1,0.0016044999769468937,0.0016044999769468937
2023-08-24,0,1,-0.004538800762297512,-0.004538800762297512
2023-08-25,1,1,-0.0018126999981504799,-0.0018126999981504799
2023-08-28,1,1,0.002381172982488744,0.002381172982488744
2023-08-29,1,1,0.005527466331444408,0.005527466331444408
2023-08-30,0,1,0.004072252608355864,0.004072252608355864
2023-08-31,0,1,-0.00744314644596622,-0.00744314644596622
2023-09-01,1,1,-0.006290642438776972,-0.006290642438776972
2023-09-04,0,1,0.001902852422192014,0.001902852422192014
2023-09-05,0,1,-0.006596379402990626,-0.006596379402990626
2023-09-06,0,1,-9.326096282680219e-06,-9.326096282680219e-06
2023-09-07,1,1,-0.0024527861972486464,-0.0024527861972486464
2023-09-08,1,1,0.00026177520988768244,0.00026177520988768244
2023-09-11,1,1,0.004617253948967059,0.004617253948967059
2023-09-12,0,1,0.0009861932938857176,0.0009861932938857176
2023-09-13,0,1,-0.002769774142578285,-0.002769774142578285
2023-09-14,1,1,-0.008127353390746772,-0.008127353390746772
2023-09-15,1,1,0.001653824469084686,0.001653824469084686
2023-09-18,0,1,0.003020751247701625,0.003020751247701625
2023-09-19,0,1,-0.0011504143362203179,-0.0011504143362203179
2023-09-20,0,1,-0.0015169249496699289,-0.0015169249496699289
2023-09-21,0,1,-0.00045952003601146263,-0.00045952003601146263
2023-09-22,0,1,-0.0014261052315543976,-0.0014261052315543976
2023-09-25,0,1,-0.0047917919422728605,-0.0047917919422728605
2023-09-26,0,1,-0.002114763694039068,-0.002114763694039068
2023-09-27,1,1,-0.006111752351038002,-0.006111752351038002
2023-09-28,1,1,0.005549632562921181,0.005549632562921181
2023-09-29,0,1,0.0007005253940457479,0.0007005253940457479
2023-10-02,0,1,-0.008693677927139598,-0.008693677927139598
2023-10-03,1,1,-0.0014123485065370422,-0.0014123485065370422
2023-10-04,1,1,0.003994571969190286,0.003994571969190286
2023-10-05,1,1,0.004026270702455648,0.004026270702455648
2023-10-06,0,1,0.003545595024790904,0.003545595024790904
2023-10-09,1,1,-0.00195546822600301,-0.00195546822600301
2023-10-10,1,1,0.003786086133459543,0.003786086133459543
2023-10-11,0,1,0.0014144271570015743,0.0014144271570015743
2023-10-12,0,1,-0.008502824858757196,-0.008502824858757196
2023-10-13,1,1,-0.002412224469832913,-0.002412224469832913
2023-10-16,1,1,0.005159791704349548,0.005159791704349548
2023-10-17,0,1,0.001486953639248112,0.001486953639248112
2023-10-18,1,1,-0.0036314803956800645,-0.0036314803956800645
2023-10-19,1,1,0.0042616602441201135,0.0042616602441201135
2023-10-20,1,1,0.0011624939748786645,0.0011624939748786645
2023-10-23,0,1,0.0070235060889267675,0.0070235060889267675
2023-10-24,0,1,-0.007255751167107305,-0.007255751167107305
2023-10-25,0,1,-0.0021340887629839322,-0.0021340887629839322
2023-10-26,1,1,-0.0006718776614872413,-0.0006718776614872413
2023-10-27,1,1,1.893885590353861e-05,1.893885590353861e-05
2023-10-30,0,1,0.0051323327493963955,0.0051323327493963955
2023-10-31,0,1,-0.003796621666179889,-0.003796621666179889
2023-11-01,1,1,-0.0006998032985322533,-0.0006998032985322533
2023-11-02,1,1,0.005119712311914659,0.005119712311914659
2023-11-03,0,1,0.010253175283162719,0.010253175283162719
2023-11-06,0,1,-0.0011835973904937847,-0.0011835973904937847
2023-11-07,1,1,-0.001632873951461833,-0.001632873951461833
2023-11-08,0,1,0.0008598291556851656,0.0008598291556851656
2023-11-09,1,1,-0.003912596881127994,-0.003912596881127994
2023-11-10,1,1,0.0016593075906292665,0.0016593075906292665
2023-11-13,1,1,0.0013009134471397843,0.0013009134471397843
2023-11-14,0,0,0.01682447400151399,0.0
2023-11-15,1,1,-0.0029323356651068666,-0.0029323356651068666
2023-11-16,1,1,0.00045174613710941003,0.00045174613710941003
2023-11-17,1,1,0.005722605674686854,0.005722605674686854
2023-11-20,0,1,0.0023456541259687658,0.0023456541259687658
2023-11-21,0,1,-0.002596120445362615,-0.002596120445362615
2023-11-22,1,1,-0.002080469251214412,-0.002080469251214412
2023-11-23,1,1,0.0013959938649743542,0.0013959938649743542
2023-11-24,1,1,0.003044893841427143,0.003044893841427143
2023-11-27,1,1,0.001499538251940713,0.001499538251940713
2023-11-28,0,1,0.0036154148140707942,0.0036154148140707942
2023-11-29,0,1,-0.0021377823464663326,-0.0021377823464663326
2023-11-30,0,1,-0.007575757575757458,-0.007575757575757458
2023-12-01,0,1,-0.0003949991273276554,-0.0003949991273276554
2023-12-04,0,1,-0.004218052160487984,-0.004218052160487984
2023-12-05,0,1,-0.003636061610018615,-0.003636061610018615
2023-12-06,1,1,-0.0029824480155605793,-0.0029824480155605793
2023-12-07,0,1,0.0027219605547970094,0.0027219605547970094
2023-12-08,1,1,-0.0030388378298252805,-0.0030388378298252805
2023-12-11,1,1,0.000297375659802368,0.000297375659802368
2023-12-12,1,1,0.002814938684503776,0.002814938684503776
2023-12-13,1,1,0.007402054788175461,0.007402054788175461
2023-12-14,0,0,0.010842176895771605,0.0
2023-12-15,1,1,-0.009088345266145659,-0.009088345266145659
2023-12-18,1,1,0.002873615982078803,0.002873615982078803
2023-12-19,0,1,0.005218107749347833,0.005218107749347833
2023-12-20,1,1,-0.0035699649378443388,-0.0035699649378443388
2023-12-21,1,1,0.006361218502371591,0.006361218502371591
2023-12-22,0,1,9.08190974402423e-06,9.08190974402423e-06
2023-12-25,1,1,-0.0002724548179093844,-0.0002724548179093844
2023-12-26,1,1,0.0030614098837209447,0.0030614098837209447
2023-12-27,0,1,0.005678473423476493,0.005678473423476493
2023-12-28,0,1,-0.004061453117683134,-0.004061453117683134
2023-12-29,1,1,-0.0019802338303510636,-0.0019802338303510636
2024-01-01,0,1,0.0005979669124975828,0.0005979669124975828
2024-01-02,0,1,-0.009272002897500964,-0.009272002897500964
2024-01-03,1,1,-0.0018370256635227289,-0.0018370256635227289
2024-01-04,0,1,0.0021242503319141015,0.0021242503319141015
2024-01-05,1,1,-0.0005025263369484723,-0.0005025263369484723
2024-01-08,0,1,0.000941567939154675,0.000941567939154675
2024-01-09,1,1,-0.0016895748664323973,-0.0016895748664323973
2024-01-10,0,1,0.003787393651084159,0.003787393651084159
2024-01-11,0,1,-9.113776384461758e-06,-9.113776384461758e-06
2024-01-12,0,1,-0.0021873262670543125,-0.0021873262670543125
2024-01-15,0,1,0.0,0.0
2024-01-16,1,1,-0.006685969511248335,-0.006685969511248335
2024-01-17,0,1,0.0006988441485595853,0.0006988441485595853
2024-01-18,1,1,-0.0005972782489639394,-0.0005972782489639394
2024-01-19,0,1,0.0018204887736523734,0.0018204887736523734
2024-01-22,0,1,-0.0012481644640233158,-0.0012481644640233158
2024-01-23,1,1,-0.0026005292950085357,-0.0026005292950085357
2024-01-24,0,1,0.0027823587400153116,0.0027823587400153116
2024-01-25,1,1,-0.0035739551464034625,-0.0035739551464034625
2024-01-26,0,1,0.0005347889427775865,0.0005347889427775865
2024-01-29,1,1,-0.0016956649955766068,-0.0016956649955766068
2024-01-30,0,1,0.0010985156192304668,0.0010985156192304668
2024-01-31,1,1,-0.002462032144734283,-0.002462032144734283
2024-02-01,0,1,0.004926973562580761,0.004926973562580761
2024-02-02,0,1,-0.007947531573960775,-0.007947531573960775
2024-02-05,1,1,-0.003987055976411469,-0.003987055976411469
2024-02-06,1,1,0.0011729768476713698,0.0011729768476713698
2024-02-07,1,1,0.0015993305128085833,0.0015993305128085833
2024-02-08,1,1,0.0005384479701440181,0.0005384479701440181
2024-02-09,0,1,0.0004268151241011431,0.0004268151241011431
2024-02-12,0,1,-0.001001660158967188,-0.001001660158967188
2024-02-13,1,1,-0.005886011901998889,-0.005886011901998889
2024-02-14,1,1,0.0017276963737056228,0.0017276963737056228
2024-02-15,1,1,0.004251193317422297,0.004251193317422297
2024-02-16,1,1,0.00026921648718913893,0.00026921648718913893
2024-02-19,1,1,0.0003341098293254685,0.0003341098293254685
2024-02-20,1,1,0.0026998190842881797,0.0026998190842881797
2024-02-21,1,1,0.0010085495392131438,0.0010085495392131438
2024-02-22,0,1,0.00034200674770068495,0.00034200674770068495
2024-02-23,1,1,-0.0003141690229343519,-0.0003141690229343519
2024-02-26,0,1,0.002967057344622548,0.002967057344622548
2024-02-27,0,1,-0.0006635394299090436,-0.0006635394299090436
2024-02-28,0,1,-0.0005533166723536986,-0.0005533166723536986
2024-02-29,1,1,-0.0029895642064274863,-0.0029895642064274863
2024-03-01,1,1,0.002915236041572289,0.002915236041572289
2024-03-04,0,1,0.0017256016536246754,0.0017256016536246754
2024-03-05,1,1,-7.369536179824276e-05,-7.369536179824276e-05
2024-03-06,1,1,0.004044331027112769,0.004044331027112769
2024-03-07,0,1,0.004532692272401828,0.004532692272401828
2024-03-08,0,1,-0.0009042747533796192,-0.0009042747533796192
2024-03-11,0,1,-0.0011336520967991648,-0.0011336520967991648
2024-03-12,1,1,-1.8305463265644306e-05,-1.8305463265644306e-05
2024-03-13,0,1,0.0020502494165026697,0.0020502494165026697
2024-03-14,1,1,-0.0057727966093953365,-0.0057727966093953365
2024-03-15,0,1,0.0002021185701028827,0.0002021185701028827
2024-03-18,0,1,-0.0013594319778815755,-0.0013594319778815755
2024-03-19,1,1,-0.0006622455643344738,-0.0006622455643344738
2024-03-20,0,1,0.005172620088542024,0.005172620088542024
2024-03-21,0,1,-0.005548891595168914,-0.005548891595168914
2024-03-22,1,1,-0.0051102619584733056,-0.0051102619584733056
2024-03-25,0,1,0.0028597871355853233,0.0028597871355853233
2024-03-26,0,1,-0.0003968290589615453,-0.0003968290589615453
2024-03-27,0,1,-0.0005354702906309461,-0.0005354702906309461
2024-03-28,1,1,-0.003399286888728925,-0.003399286888728925
2024-03-29,0,1,9.268699601450159e-05,9.268699601450159e-05
2024-04-01,1,1,-0.004374420759962971,-0.004374420759962971
2024-04-02,1,1,0.002848419406486169,0.002848419406486169
2024-04-03,1,1,0.005569272467373265,0.005569272467373265
2024-04-04,0,1,0.0004430741964664975,0.0004430741964664975
2024-04-05,1,1,-0.0002029857356388165,-0.0002029857356388165
2024-04-08,0,1,0.002122554448136027,0.002122554448136027
2024-04-09,0,1,-0.00013813426650710614,-0.00013813426650710614
2024-04-10,0,1,-0.010554915956711985,-0.010554915956711985
2024-04-11,0,1,-0.0015079727075556493,-0.0015079727075556493
2024-04-12,0,1,-0.008222472894739319,-0.008222472894739319
2024-04-15,0,1,-0.0014193730319123077,-0.0014193730319123077
2024-04-16,1,1,-0.0008283600353935494,-0.0008283600353935494
2024-04-17,0,1,0.005304015224313785,0.005304015224313785
2024-04-18,1,1,-0.002567730931786638,-0.002567730931786638
2024-04-19,0,1,0.000854981913844366,0.000854981913844366
2024-04-22,1,1,-0.00012203593488935294,-0.00012203593488935294
2024-04-23,0,1,0.004750593824228044,0.004750593824228044
2024-04-24,1,1,-0.0004858950279857943,-0.0004858950279857943
2024-04-25,0,1,0.0029354847756786207,0.0029354847756786207
2024-04-26,1,1,-0.003346352103354766,-0.003346352103354766
2024-04-29,0,1,0.002628084023867938,0.002628084023867938
2024-04-30,1,1,-0.004785313843829075,-0.004785313843829075
2024-05-01,1,1,0.0038054175649075983,0.0038054175649075983
2024-05-02,1,1,0.0012792261148877326,0.0012792261148877326
2024-05-03,1,1,0.003506383296186799,0.003506383296186799
2024-05-06,0,1,0.0007434322407975369,0.0007434322407975369
2024-05-07,0,1,-0.0012071799348121193,-0.0012071799348121193
2024-05-08,1,1,-0.0007902639481587315,-0.0007902639481587315
2024-05-09,0,1,0.003098423804827277,0.003098423804827277
2024-05-10,1,1,-0.0010481694138599895,-0.0010481694138599895
2024-05-13,1,1,0.0017549724218619556,0.0017549724218619556
2024-05-14,1,1,0.0025954042805633737,0.0025954042805633737
2024-05-15,0,1,0.00618510951064577,0.00618510951064577
2024-05-16,1,1,-0.0016171714201704823,-0.0016171714201704823
2024-05-17,0,1,0.00016566043292609578,0.00016566043292609578
2024-05-20,0,1,-0.0007545503064211312,-0.0007545503064211312
2024-05-21,0,1,-0.00038676882274946145,-0.00038676882274946145
2024-05-22,0,1,-0.00292031321971431,-0.00292031321971431
2024-05-23,1,1,-0.000840778690417876,-0.000840778690417876
2024-05-24,1,1,0.0028481071184183193,0.0028481071184183193
2024-05-27,1,1,0.001014292300599351,0.001014292300599351
2024-05-28,0,1,8.290346352257671e-05,8.290346352257671e-05
2024-05-29,1,1,-0.004973795466477582,-0.004973795466477582
2024-05-30,1,1,0.0028233159614547976,0.0028233159614547976
2024-05-31,1,1,0.0010707626414607763,0.0010707626414607763
2024-06-03,0,1,0.005329644997694727,0.005329644997694727
2024-06-04,0,1,-0.00221961331034215,-0.00221961331034215
2024-06-05,1,1,-0.0007721581821189538,-0.0007721581821189538
2024-06-06,0,1,0.0017386984600098465,0.0017386984600098465
2024-06-07,0,1,-0.008182494421026476,-0.008182494421026476
2024-06-10,0,1,-0.003259259259259184,-0.003259259259259184
2024-06-11,1,1,-0.0021551724137931494,-0.0021551724137931494
2024-06-12,0,1,0.006451552841290065,0.006451552841290065
2024-06-13,0,1,-0.006669194979141535,-0.006669194979141535
2024-06-14,1,1,-0.003380265951502981,-0.003380265951502981
2024-06-17,1,1,0.00269096005606162,0.00269096005606162
2024-06-18,1,1,0.0008107125884098121,0.0008107125884098121
2024-06-19,0,1,0.0003724394785846741,0.0003724394785846741
2024-06-20,0,1,-0.0037230081906179935,-0.0037230081906179935
2024-06-21,1,1,-0.0012144992526159637,-0.0012144992526159637
2024-06-24,0,1,0.003947245346553219,0.003947245346553219
2024-06-25,0,1,-0.0019472291581262846,-0.0019472291581262846
2024-06-26,1,1,-0.003024560551888822,-0.003024560551888822
2024-06-27,1,1,0.0023314825045179788,0.0023314825045179788
2024-06-28,1,1,0.0005978626410581,0.0005978626410581
2024-07-01,1,1,0.0025393980132943916,0.0025393980132943916
2024-07-02,1,1,0.0005773672055426893,0.0005773672055426893
2024-07-03,1,1,0.00380656329691198,0.00380656329691198
2024-07-04,1,1,0.002364285383153364,0.002364285383153364
2024-07-05,0,1,0.002404957913236583,0.002404957913236583
2024-07-08,0,1,-0.0011903663375473217,-0.0011903663375473217
2024-07-09,1,1,-0.0009331029831580739,-0.0009331029831580739
2024-07-10,1,1,0.0013778435361568864,0.0013778435361568864
2024-07-11,1,1,0.003416782868066015,0.003416782868066015
2024-07-12,0,1,0.003635225798139352,0.003635225798139352
2024-07-15,1,1,-0.0009903350633631014,-0.0009903350633631014
2024-07-16,1,1,0.00028454463679228326,0.00028454463679228326
2024-07-17,0,1,0.003679675527863635,0.003679675527863635
2024-07-18,0,1,-0.003684470368812698,-0.003684470368812698
2024-07-19,1,1,-0.0014039917412250746,-0.0014039917412250746
2024-07-22,0,1,0.0007167668302365815,0.0007167668302365815
2024-07-23,0,1,-0.003388429752066102,-0.003388429752066102
2024-07-24,1,1,-0.0012070284066303394,-0.0012070284066303394
2024-07-25,1,1,0.0004520295202949942,0.0004520295202949942
2024-07-26,0,1,0.000931313336222539,0.000931313336222539
2024-07-29,0,1,-0.0030124366651311796,-0.0030124366651311796
2024-07-30,1,1,-0.0008500965598809973,-0.0008500965598809973
2024-07-31,0,1,0.0012669817166215402,0.0012669817166215402
2024-08-01,1,1,-0.0033066095245133376,-0.0033066095245133376
2024-08-02,1,1,0.011009174311926717,0.011009174311926717
2024-08-05,0,1,0.003904746191497388,0.003904746191497388
2024-08-06,0,1,-0.0021365180234469427,-0.0021365180234469427
2024-08-07,0,1,-0.0005855979504071351,-0.0005855979504071351
2024-08-08,0,1,-0.0005676304176661651,-0.0005676304176661651
2024-08-09,1,1,-0.00014656846579452765,-0.00014656846579452765
2024-08-12,1,1,0.0015483563601714767,0.0015483563601714767
2024-08-13,1,1,0.005461181700924911,0.005461181700924911
2024-08-14,0,1,0.0030842294885091714,0.0030842294885091714
2024-08-15,1,1,-0.0048615457175769095,-0.0048615457175769095
2024-08-16,1,1,0.004885295806484002,0.004885295806484002
2024-08-19,1,1,0.005233417684779695,0.005233417684779695
2024-08-20,1,1,0.00411440945592334,0.00411440945592334
2024-08-21,0,1,0.001752241971137547,0.001752241971137547
2024-08-22,1,1,-0.0033458616266449637,-0.0033458616266449637
2024-08-23,0,1,0.0072452028656802,0.0072452028656802
2024-08-26,1,1,-0.002761073333750308,-0.002761073333750308
2024-08-27,0,1,0.0019712555105551033,0.0019712555105551033
2024-08-28,0,1,-0.005687508942624042,-0.005687508942624042
2024-08-29,0,1,-0.003669460733172758,-0.003669460733172758
2024-08-30,1,1,-0.0028434735511825293,-0.0028434735511825293
2024-09-02,0,1,0.0021454759426062786,0.0021454759426062786
2024-09-03,1,1,-0.0022763816371880186,-0.0022763816371880186
2024-09-04,1,1,0.00334993209597112,0.00334993209597112
2024-09-05,0,1,0.002346146904890656,0.002346146904890656
2024-09-06,0,1,-0.002250630176449331,-0.002250630176449331
2024-09-09,0,1,-0.0042677975277453095,-0.0042677975277453095
2024-09-10,0,1,-0.0015132705673404079,-0.0015132705673404079
2024-09-11,1,1,-0.0005626644886106424,-0.0005626644886106424
2024-09-12,1,1,0.00551176812436438,0.00551176812436438
2024-09-13,1,1,1.8061136948466228e-05,1.8061136948466228e-05
2024-09-16,0,1,0.005174422279816238,0.005174422279816238
2024-09-17,1,1,-0.0016440571377234203,-0.0016440571377234203
2024-09-18,1,1,0.0002609626823364408,0.0002609626823364408
2024-09-19,1,1,0.004111339019036375,0.004111339019036375
2024-09-20,0,1,3.58381192155921e-05,3.58381192155921e-05
2024-09-23,1,1,-0.0045423188224017474,-0.0045423188224017474
2024-09-24,0,1,0.006057060570605843,0.006057060570605843
2024-09-25,1,1,-0.004052494565363385,-0.004052494565363385
2024-09-26,0,1,0.0037546034312405663,0.0037546034312405663
2024-09-27,0,1,-0.00123492143036108,-0.00123492143036108
2024-09-30,0,1,-0.002338500134396515,-0.002338500134396515
2024-10-01,0,1,-0.00604405966825039,-0.00604405966825039
2024-10-02,0,1,-0.0018251472767356614,-0.0018251472767356614
2024-10-03,0,1,-0.0013849412531455885,-0.0013849412531455885
2024-10-04,0,1,-0.005275514181343421,-0.005275514181343421
2024-10-07,1,1,-5.467518384549841e-05,-5.467518384549841e-05
2024-10-08,0,1,0.0004100863003837496,0.0004100863003837496
2024-10-09,0,1,-0.003415984987884535,-0.003415984987884535
2024-10-10,1,1,-0.000493587927204886,-0.000493587927204886
2024-10-11,0,1,3.658012418927825e-05,3.658012418927825e-05
2024-10-14,0,1,-0.0026885407807741846,-0.0026885407807741846
2024-10-15,0,1,-0.0012837088181625322,-0.0012837088181625322
2024-10-16,0,1,-0.0026717101699429424,-0.0026717101699429424
2024-10-17,1,1,-0.002853776190300694,-0.002853776190300694
2024-10-18,0,1,0.0030650492069645985,0.0030650492069645985
2024-10-21,0,1,-0.004629544408651709,-0.004629544408651709
2024-10-22,0,1,-0.0015257011290187306,-0.0015257011290187306
2024-10-23,1,1,-0.0014076420144097934,-0.0014076420144097934
2024-10-24,0,1,0.004154687934712076,0.004154687934712076
2024-10-25,1,1,-0.003213949278708661,-0.003213949278708661
2024-10-28,1,1,0.0018901139627536256,0.0018901139627536256
2024-10-29,1,1,5.548671093258406e-05,5.548671093258406e-05
2024-10-30,1,1,0.003967079711485244,0.003967079711485244
2024-10-31,0,1,0.0023118938186774685,0.0023118938186774685
2024-11-01,1,1,-0.0044109538687742145,-0.0044109538687742145
2024-11-04,1,1,0.003941295920251164,0.003941295920251164
2024-11-05,0,1,0.004790055807368132,0.004790055807368132
2024-11-06,1,1,-0.0184741234170267,-0.0184741234170267
2024-11-07,0,1,0.007168893156457079,0.007168893156457079
2024-11-08,0,1,-0.00792313815509349,-0.00792313815509349
2024-11-11,0,1,-0.0060551211957230455,-0.0060551211957230455
2024-11-12,0,1,-0.002975603803516358,-0.002975603803516358
2024-11-13,0,1,-0.00559237779618893,-0.00559237779618893
2024-11-14,1,1,-0.0031432845429929523,-0.0031432845429929523
2024-11-15,1,1,0.0009877481242284158,0.0009877481242284158
2024-11-18,0,1,0.005550600603449807,0.005550600603449807
2024-11-19,0,1,-0.00039630492833497843,-0.00039630492833497843
2024-11-20,0,1,-0.004766984150957665,-0.004766984150957665
2024-11-21,0,1,-0.006582441763411384,-0.006582441763411384
2024-11-22,1,1,-0.005203460062250476,-0.005203460062250476
2024-11-25,0,1,0.007188582726286752,0.007188582726286752
2024-11-26,1,1,-0.000600331611747551,-0.000600331611747551
2024-11-27,0,1,0.00744667664642118,0.00744667664642118
2024-11-28,1,1,-0.0016183986371378634,-0.0016183986371378634
2024-11-29,0,1,0.0024552322991020503,0.0024552322991020503
2024-12-02,1,1,-0.007394938911374105,-0.007394938911374105
2024-12-03,1,1,0.001019377703256108,0.001019377703256108
2024-12-04,1,1,0.00039020490516117334,0.00039020490516117334
2024-12-05,0,1,0.006906786917061591,0.006906786917061591
2024-12-06,0,1,-0.0015778533635677494,-0.0015778533635677494
2024-12-09,0,1,-0.0013437680391396034,-0.0013437680391396034
2024-12-10,0,1,-0.0024921587021822234,-0.0024921587021822234
2024-12-11,0,1,-0.0031823536117338014,-0.0031823536117338014
2024-12-12,1,1,-0.002315763391878778,-0.002315763391878778
2024-12-13,1,1,0.0031235074983284594,0.0031235074983284594
2024-12-16,0,1,0.0009903158536235246,0.0009903158536235246
2024-12-17,0,1,-0.0020738006678019394,-0.0020738006678019394
2024-12-18,1,1,-0.013307531719779164,-0.013307531719779164
2024-12-19,1,1,0.0009467958688784694,0.0009467958688784694
2024-12-20,0,1,0.006167656001158317,0.006167656001158317
2024-12-23,0,1,-0.0018802041364490707,-0.0018802041364490707
2024-12-24,0,1,-0.0003652160541288696,-0.0003652160541288696
2024-12-25,1,1,0.0,0.0
2024-12-26,1,1,0.002019036631093263,0.002019036631093263
2024-12-27,0,1,0.00018230665899054976,0.00018230665899054976
2024-12-30,0,1,-0.0016404608639759566,-0.0016404608639759566
2024-12-31,0,1,-0.0052465695506783705,-0.0052465695506783705
2025-01-01,0,1,-1.93195649235145e-05,-1.93195649235145e-05
2025-01-02,1,1,-0.008703632148377105,-0.008703632148377105
2025-01-03,1,1,0.004355918494625799,0.004355918494625799
2025-01-06,0,1,0.00807249723478165,0.00807249723478165
2025-01-07,0,1,-0.004850911470865582,-0.004850911470865582
2025-01-08,0,1,-0.002089096079076258,-0.002089096079076258
2025-01-09,0,1,-0.0018220938572175438,-0.0018220938572175438
2025-01-10,1,1,-0.005340324303330424,-0.005340324303330424
2025-01-13,1,1,9.76181179224156e-06,9.76181179224156e-06
2025-01-14,0,1,0.006198689977645611,0.006198689977645611
2025-01-15,1,1,-0.0020858395746826686,-0.0020858395746826686
2025-01-16,0,1,0.001254119637180251,0.001254119637180251
2025-01-17,1,1,-0.002718710554422854,-0.002718710554422854
2025-01-20,0,1,0.014068737221302863,0.014068737221302863
2025-01-21,1,1,-0.002678700014401736,-0.002678700014401736
2025-01-22,1,1,0.0019349994223882838,0.0019349994223882838
2025-01-23,1,1,0.0006821872267648299,0.0006821872267648299
2025-01-24,0,0,0.007402926604447524,0.0
2025-01-27,0,1,-2.8593486403827306e-05,-2.8593486403827306e-05
2025-01-28,0,1,-0.005890426627015999,-0.005890426627015999
2025-01-29,0,1,-0.0008724999520604015,-0.0008724999520604015
2025-01-30,0,1,-0.0031859663938123006,-0.0031859663938123006
2025-01-31,0,1,-0.002628158844765416,-0.002628158844765416
2025-02-03,1,1,-0.0016601996100460426,-0.0016601996100460426
2025-02-04,1,1,0.003412936285410506,0.003412936285410506
2025-02-05,0,1,0.002293246485455258,0.002293246485455258
2025-02-06,0,1,-0.0018553945837859187,-0.0018553945837859187
2025-02-07,0,1,-0.005470585969102881,-0.005470585969102881
2025-02-10,1,1,-0.0019078055394150528,-0.0019078055394150528
2025-02-11,1,1,0.005249216498646625,0.005249216498646625
2025-02-12,1,1,0.002123470136288219,0.002123470136288219
2025-02-13,1,1,0.007869086145785076,0.007869086145785076
2025-02-14,0,0,0.002599363538192234,0.0
2025-02-17,0,1,-0.0006958146273577936,-0.0006958146273577936
2025-02-18,0,1,-0.003634109118657136,-0.003634109118657136
2025-02-19,1,1,-0.0022688327477766723,-0.0022688327477766723
2025-02-20,0,1,0.007484024486192897,0.007484024486192897
2025-02-21,1,1,-0.004218967257766493,-0.004218967257766493
2025-02-24,1,1,0.0010711655620272431,0.0010711655620272431
2025-02-25,0,1,0.004299185065586464,0.004299185065586464
2025-02-26,0,1,-0.002711161423502473,-0.002711161423502473
2025-02-27,0,1,-0.00823190507077709,-0.00823190507077709
2025-02-28,1,1,-0.002173641233781942,-0.002173641233781942
2025-03-03,1,1,0.010699104552420957,0.010699104552420957
2025-03-04,1,0,0.013313369636743344,0.0
2025-03-05,0,0,0.015265451328433155,0.0
2025-03-06,1,0,-0.0005283893395134909,-0.0
2025-03-07,1,0,0.00447049657756593,0.0
2025-03-10,1,0,0.00036934441366565096,0.0
2025-03-11,0,0,0.00710725493815767,0.0
2025-03-12,0,1,-0.0023187608835120166,-0.0023187608835120166
2025-03-13,1,1,-0.0031876682252864885,-0.0031876682252864885
2025-03-14,1,1,0.002350013823610775,0.002350013823610775
2025-03-17,1,1,0.004109777961660344,0.004109777961660344
2025-03-18,0,1,0.0021059956781306344,0.0021059956781306344
2025-03-19,0,1,-0.0037371393066646386,-0.0037371393066646386
2025-03-20,0,1,-0.004530738400300827,-0.004530738400300827
2025-03-21,0,1,-0.0038511502777803797,-0.0038511502777803797
2025-03-24,0,1,-0.0011653610306970874,-0.0011653610306970874
2025-03-25,0,1,-0.0008055928515208199,-0.0008055928515208199
2025-03-26,1,1,-0.005059865811617326,-0.005059865811617326
2025-03-27,1,1,0.005700340902740075,0.005700340902740075
2025-03-28,0,1,0.002435771574638368,0.002435771574638368
2025-03-31,0,1,-0.000489666195478522,-0.000489666195478522
2025-04-01,1,1,-0.0023570953190859,-0.0023570953190859
2025-04-02,1,1,0.0031038923736901314,0.0031038923736901314
2025-04-03,0,0,0.02069940146309035,0.0
2025-04-04,0,1,-0.008434007510972341,-0.008434007510972341
2025-04-07,1,1,-0.004207240834877224,-0.004207240834877224
2025-04-08,0,1,0.004151697338514504,0.004151697338514504
2025-04-09,1,1,-0.0005658741386391775,-0.0005658741386391775
2025-04-10,1,0,0.021780225199309777,0.0
2025-04-11,0,0,0.015175890175890272,0.0
2025-04-14,0,0,-0.0005634497209164868,-0.0
2025-04-15,1,0,-0.006254294321805354,-0.0
2025-04-16,0,0,0.010264865439846727,0.0
2025-04-17,1,1,-0.002649820128103886,-0.002649820128103886
2025-04-18,1,1,0.002155399936657698,0.002155399936657698
2025-04-21,0,0,0.01028855354524949,0.0
2025-04-22,0,1,-0.012703653821088623,-0.012703653821088623
2025-04-23,1,1,-0.0034060005456642006,-0.0034060005456642006
2025-04-24,0,1,0.005484121657423513,0.005484121657423513
2025-04-25,1,1,-0.0019058995055201144,-0.0019058995055201144
2025-04-28,0,1,0.004910242872228077,0.004910242872228077
2025-04-29,0,1,-0.0030823657156867634,-0.0030823657156867634
2025-04-30,0,1,-0.0052087908226903235,-0.0052087908226903235
2025-05-01,1,1,-0.0034965961166590898,-0.0034965961166590898
2025-05-02,1,1,0.0008417732174343939,0.0008417732174343939
2025-05-05,1,1,0.001690983780720856,0.001690983780720856
2025-05-06,0,1,0.005055549172286566,0.005055549172286566
2025-05-07,0,1,-0.005355493998153382,-0.005355493998153382
2025-05-08,1,1,-0.007470868035294176,-0.007470868035294176
2025-05-09,0,1,0.0017726547955210226,0.0017726547955210226
2025-05-12,1,1,-0.014049439800818075,-0.014049439800818075
2025-05-13,0,1,0.008802308802308811,0.008802308802308811
2025-05-14,1,1,-0.0009565870404805166,-0.0009565870404805166
2025-05-15,0,1,0.0011006809904337,0.0011006809904337
2025-05-16,1,1,-0.002073798627002188,-0.002073798627002188
2025-05-19,1,1,0.007085274095306238,0.007085274095306238
2025-05-20,1,1,0.003477688537858903,0.003477688537858903
2025-05-21,0,1,0.004068355462587103,0.004068355462587103
2025-05-22,1,1,-0.004325526787369527,-0.004325526787369527
2025-05-23,1,1,0.00722575382787638,0.00722575382787638
2025-05-26,0,0,0.0021301691812050105,0.0
2025-05-27,0,1,-0.004778300892417819,-0.004778300892417819
2025-05-28,1,1,-0.0033449834074701368,-0.0033449834074701368
2025-05-29,0,1,0.006774407792782711,0.006774407792782711
2025-05-30,1,1,-0.00211100360629779,-0.00211100360629779
2025-06-02,0,1,0.00817100044072272,0.00817100044072272
2025-06-03,1,1,-0.005481871355255019,-0.005481871355255019
2025-06-04,1,1,0.003578021978021928,0.003578021978021928
2025-06-05,0,1,0.0022688052419037597,0.0022688052419037597
2025-06-06,1,1,-0.004160257306670467,-0.004160257306670467
2025-06-09,1,1,0.0022819027558362848,0.0022819027558362848
2025-06-10,1,1,0.0002626970227672665,0.0002626970227672665
2025-06-11,1,1,0.005602731331524113,0.005602731331524113
2025-06-12,0,1,0.008357273439540291,0.008357273439540291
2025-06-13,1,1,-0.0026763360096694333,-0.0026763360096694333
2025-06-16,0,1,0.0007790858725760241,0.0007790858725760241
2025-06-17,0,1,-0.007092812040480956,-0.007092812040480956
2025-06-18,1,1,0.0,0.0
2025-06-19,1,1,0.0013067340360659596,0.0013067340360659596
2025-06-20,1,1,0.0024360535931788885,0.0024360535931788885
2025-06-23,1,1,0.004686686339177237,0.004686686339177237
2025-06-24,1,1,0.0027643400138217533,0.0027643400138217533
2025-06-25,1,1,0.0043935217091659595,0.0043935217091659595
2025-06-26,1,1,0.003430825971352691,0.003430825971352691
2025-06-27,1,1,0.0017095478246003104,0.0017095478246003104
2025-06-30,1,1,0.00571721136615766,0.00571721136615766
2025-07-01,0,1,0.0016120821313423406,0.0016120821313423406
2025-07-02,0,1,-0.0005929690808980093,-0.0005929690808980093
2025-07-03,1,1,-0.0035599254110866285,-0.0035599254110866285
2025-07-04,0,1,0.001871384824770228,0.001871384824770228
2025-07-07,1,1,-0.006028188147393365,-0.006028188147393365
2025-07-08,0,1,0.0014521226616555083,0.0014521226616555083
2025-07-09,0,1,-0.0004264756055954999,-0.0004264756055954999
2025-07-10,0,1,-0.0016212987456267758,-0.0016212987456267758
2025-07-11,0,1,-0.000940170940170848,-0.000940170940170848
2025-07-14,0,1,-0.002224313457096505,-0.002224313457096505
2025-07-15,1,1,-0.005487438909371534,-0.005487438909371534
2025-07-16,0,1,0.0030175015087507973,0.0030175015087507973
2025-07-17,1,1,-0.0033522434244456223,-0.0033522434244456223
2025-07-18,1,1,0.002587322121604174,0.002587322121604174
2025-07-21,1,1,0.0060215053763439386,0.0060215053763439386
2025-07-22,1,1,0.004959384352287266,0.004959384352287266
2025-07-23,0,1,0.001446439207011041,0.001446439207011041
2025-07-24,0,1,-0.0013593882752761521,-0.0013593882752761521
2025-07-25,0,1,-0.001191083886336597,-0.001191083886336597
2025-07-28,0,1,-0.012947189097103795,-0.012947189097103795
2025-07-29,0,1,-0.00371073524335519,-0.00371073524335519
2025-07-30,1,1,-0.012213079255088743,-0.012213079255088743
2025-07-31,1,1,0.0009645738337424881,0.0009645738337424881
2025-08-01,0,1,0.014805081033727685,0.014805081033727685
2025-08-04,1,1,-0.0012085635359116997,-0.0012085635359116997
2025-08-05,1,1,0.00034572169403634945,0.00034572169403634945
2025-08-06,1,1,0.007344047001900833,0.007344047001900833
2025-08-07,0,1,0.0005146238957030036,0.0005146238957030036
2025-08-08,0,1,-0.002228889841406012,-0.002228889841406012
2025-08-11,1,1,-0.002147950854884395,-0.002147950854884395
2025-08-12,1,1,0.00508007577062175,0.00508007577062175
2025-08-13,0,0,0.002655701190782178,0.0
2025-08-14,1,1,-0.004955570745044491,-0.004955570745044491
2025-08-15,0,1,0.0043791859866046945,0.0043791859866046945
2025-08-18,0,1,-0.0031632042404035055,-0.0031632042404035055
2025-08-19,1,1,-0.0012006861063463825,-0.0012006861063463825
2025-08-20,0,1,0.0004293319594710354,0.0004293319594710354
2025-08-21,1,1,-0.003948158956312731,-0.003948158956312731
2025-08-22,0,1,0.009478672985781866,0.009478672985781866
2025-08-25,1,1,-0.008279982927870244,-0.008279982927870244
2025-08-26,0,1,0.0020657600275433285,0.0020657600275433285
2025-08-27,1,1,-0.0004294794708812333,-0.0004294794708812333
2025-08-28,1,1,0.003866976024748503,0.003866976024748503
2025-08-29,1,1,0.00017120356103417222,0.00017120356103417222
2025-09-01,0,1,0.0021396781923999075,0.0021396781923999075
2025-09-02,1,1,-0.006063711674780148,-0.006063711674780148
2025-09-03,0,1,0.0019762845849802257,0.0019762845849802257
2025-09-04,1,1,-0.0010290712631848553,-0.0010290712631848553
2025-09-05,1,1,0.005837410936561094,0.005837410936561094
2025-09-08,0,1,0.0038405735256463736,0.0038405735256463736
2025-09-09,0,1,-0.00476109505186173,-0.00476109505186173
2025-09-10,1,1,-0.0011105416025970483,-0.0011105416025970483
2025-09-11,0,1,0.0034208500812451526,0.0034208500812451526
2025-09-12,1,1,0.0,0.0
2025-09-15,1,1,0.002301201738685643,0.002301201738685643
2025-09-16,0,1,0.009013605442176997,0.009013605442176997
2025-09-17,0,1,-0.004550817461655199,-0.004550817461655199
2025-09-18,0,1,-0.002201151371486576,-0.002201151371486576
2025-09-19,1,1,-0.0035635499745461097,-0.0035635499745461097
2025-09-22,1,1,0.004938692098092501,0.004938692098092501
2025-09-23,0,1,0.0011015082189460568,0.0011015082189460568
2025-09-24,0,1,-0.0066017774016081665,-0.0066017774016081665
2025-09-25,1,1,-0.006134446621794187,-0.006134446621794187
2025-09-26,1,1,0.0030861551650234187,0.0030861551650234187
2025-09-29,1,1,0.0020511067430135643,0.0020511067430135643
2025-09-30,0,1,0.0006823027718549923,0.0006823027718549923
2025-10-01,0,1,-0.00034091877610153976,-0.00034091877610153976
2025-10-02,1,1,-0.0012788814050643804,-0.0012788814050643804
2025-10-03,0,1,0.002304934266689429,0.002304934266689429
2025-10-06,0,1,-0.0027254918661101524,-0.0027254918661101524
2025-10-07,0,1,-0.004611837048424383,-0.004611837048424383
2025-10-08,0,1,-0.0024882024882023623,-0.0024882024882023623
2025-10-09,1,1,-0.005418888697746427,-0.005418888697746427
2025-10-10,0,1,0.004756551068061832,0.004756551068061832
2025-10-13,1,1,-0.004303666724048805,-0.004303666724048805
2025-10-14,1,1,0.0031984785615490896,0.0031984785615490896
2025-10-15,1,1,0.0035329599310642834,0.0035329599310642834
2025-10-16,0,1,0.0035205220676626237,0.0035205220676626237
2025-10-17,0,1,-0.003080345683237784,-0.003080345683237784
2025-10-20,0,1,-0.0009441249678140418,-0.0009441249678140418
2025-10-21,1,1,-0.0036082474226803996,-0.0036082474226803996
2025-10-22,1,1,0.0010346611484739476,0.0010346611484739476
2025-10-23,1,1,0.0006029285099051762,0.0006029285099051762
2025-10-24,1,1,0.0006886459499011455,0.0006886459499011455
2025-10-27,1,1,0.0015483870967740732,0.0015483870967740732
2025-10-28,0,1,0.0006012196169373762,0.0006012196169373762
2025-10-29,0,1,-0.004377682403433614,-0.004377682403433614
2025-10-30,0,1,-0.0029312871799291873,-0.0029312871799291873
2025-10-31,0,1,-0.0026805015131864396,-0.0026805015131864396
2025-11-03,0,1,-0.0013872030518468081,-0.0013872030518468081
2025-11-04,1,1,-0.0031255426289285015,-0.0031255426289285015
2025-11-05,1,1,0.0007838355687161958,0.0007838355687161958
2025-11-06,1,1,0.004873379166304037,0.004873379166304037
2025-11-07,0,1,0.001558846453624252,0.001558846453624252
2025-11-10,1,1,-0.0007782101167316258,-0.0007782101167316258
2025-11-11,1,1,0.0020768431983384517,0.0020768431983384517
2025-11-12,1,1,0.0010362694300518616,0.0010362694300518616
2025-11-13,0,1,0.0033643892339545456,0.0033643892339545456
2025-11-14,0,1,-0.0009457484309174369,-0.0009457484309174369
2025-11-17,0,1,-0.002581755593803692,-0.002581755593803692
2025-11-18,0,1,-0.0009490940465919362,-0.0009490940465919362
2025-11-19,0,1,-0.0037136194835477587,-0.0037136194835477587
2025-11-20,0,1,-0.0007801664355061577,-0.0007801664355061577
2025-11-21,1,1,-0.001388045458488807,-0.001388045458488807
2025-11-24,1,1,0.0007818608287724071,0.0007818608287724071
2025-11-25,1,1,0.0042534722222222765,0.0042534722222222765
2025-11-26,1,1,0.002160947359322263,0.002160947359322263
2025-11-27,0,1,8.625150940133608e-05,8.625150940133608e-05
2025-11-28,1,1,0.0,0.0
2025-12-01,1,1,0.001293661060802087,0.001293661060802087
2025-12-02,1,1,0.0011197243755383113,0.0011197243755383113
2025-12-03,0,1,0.004043706444119444,0.004043706444119444
2025-12-04,0,1,-0.002313624678663362,-0.002313624678663362
2025-12-05,0,1,-8.58885167053236e-05,-8.58885167053236e-05
2025-12-08,0,1,-0.0005153753650575243,-0.0005153753650575243
2025-12-09,1,1,-0.0009453420419387459,-0.0009453420419387459
2025-12-10,1,1,0.0059354838709677615,0.0059354838709677615
2025-12-11,1,1,0.0037626133059689426,0.0037626133059689426
2025-12-12,1,1,0.0001703867779860868,0.0001703867779860868
2025-12-15,0,1,0.0010221465076660774,0.0010221465076660774
2025-12-16,0,1,-0.0005105513955070418,-0.0005105513955070418
2025-12-17,0,1,-0.000595947556615184,-0.000595947556615184
2025-12-18,0,1,-0.001533350370559683,-0.001533350370559683
2025-12-19,1,1,-0.0011091203822197748,-0.0011091203822197748
2025-12-22,1,1,0.004441407584557355,0.004441407584557355
2025-12-23,0,1,0.002891156462585087,0.002891156462585087
2025-12-24,0,1,-0.0013566220111921323,-0.0013566220111921323
2025-12-25,0,1,-8.490405841399262e-05,-8.490405841399262e-05
2025-12-26,1,1,-0.0005094676063512882,-0.0005094676063512882
2025-12-29,0,1,8.495454931600754e-05,8.495454931600754e-05
2025-12-30,0,1,-0.002208630648997567,-0.002208630648997567
2025-12-31,0,1,-8.513536523069298e-05,-8.513536523069298e-05
2026-01-01,0,1,0.0,0.0
2026-01-02,1,1,-0.0022137079608345323,-0.0022137079608345323
2026-01-05,0,1,8.533151292766661e-05,8.533151292766661e-05
2026-01-06,0,1,-0.002815699658702986,-0.002815699658702986
2026-01-07,0,1,-0.0011979122101480888,-0.0011979122101480888
2026-01-08,0,1,-0.0012850167052171901,-0.0012850167052171901
2026-01-09,1,1,-0.0018013381369016424,-0.0018013381369016424
2026-01-12,0,1,0.002577984016499224,0.002577984016499224
2026-01-13,1,1,-0.002228507756921405,-0.002228507756921405
2026-01-14,0,1,8.590327291457811e-05,8.590327291457811e-05
2026-01-15,0,1,-0.003092252190345146,-0.003092252190345146
2026-01-16,1,1,-0.0007754609684647029,-0.0007754609684647029
2026-01-19,1,1,0.004139001465896408,0.004139001465896408
2026-01-20,0,1,0.006784027479604937,0.006784027479604937
2026-01-21,1,1,-0.0035823950870012,-0.0035823950870012
2026-01-22,1,1,0.006163328197226647,0.006163328197226647
2026-01-23,1,0,0.006125574272588086,0.0
2026-01-26,1,0,0.004481650600371978,0.0
2026-01-27,0,0,0.013637511575048444,0.0
2026-01-28,1,0,-0.00739141267336596,-0.0
2026-01-29,0,0,0.0014223560910309185,0.0
2026-01-30,0,1,-0.010109449410978355,-0.010109449410978355
2026-02-02,1,1,-0.004979743416610449,-0.004979743416610449
2026-02-03,0,1,0.002459920264653359,0.002459920264653359
2026-02-04,0,1,-0.001015400236926589,-0.001015400236926589
2026-02-05,1,1,-0.0026257834999153795,-0.0026257834999153795
2026-02-06,1,1,0.003481953290870532,0.003481953290870532
2026-02-09,0,1,0.008209207853757672,0.008209207853757672
2026-02-10,0,1,-0.0015948963317384823,-0.0015948963317384823
2026-02-11,0,1,-0.0020178241129981123,-0.0020178241129981123
2026-02-12,0,1,-8.424599831502455e-05,-8.424599831502455e-05
2026-02-13,0,1,-0.00016850619260255773,-0.00016850619260255773
2026-02-16,1,1,-0.0014325440296620862,-0.0014325440296620862
2026-02-17,0,1,0.00025316455696189344,0.00025316455696189344
2026-02-18,0,1,-0.00599004471441833,-0.00599004471441833
2026-02-19,1,1,-0.0008487523340687808,-0.0008487523340687808
2026-02-20,1,1,0.0006795786612299182,0.0006795786612299182
2026-02-23,0,1,0.0003395585738539264,0.0003395585738539264
2026-02-24,1,1,-0.0011031907671417152,-0.0011031907671417152
2026-02-25,0,1,0.0032282728740125055,0.0032282728740125055
2026-02-26,1,1,-0.0010161741044966144,-0.0010161741044966144
2026-02-27,0,1,0.0013562770195811868,0.0013562770195811868
2026-03-02,0,1,-0.010666215186658667,-0.010666215186658667
2026-03-03,1,1,-0.006331821682211025,-0.006331821682211025
2026-03-04,0,1,0.0017222078704899335,0.0017222078704899335
2026-03-05,1,1,-0.002235021060775333,-0.002235021060775333
2026-03-06,1,1,0.000947703971741154,0.000947703971741154
2026-03-09,0,1,0.001549320020657552,0.001549320020657552
2026-03-10,0,1,-0.0022344448264007832,-0.0022344448264007832
2026-03-11,0,1,-0.0037898363479758057,-0.0037898363479758057
2026-03-12,0,1,-0.0048417776240705646,-0.0048417776240705646
2026-03-13,1,1,-0.00816681146828846,-0.00816681146828846
2026-03-16,1,1,0.0076208829712685056,0.0076208829712685056
2026-03-17,0,1,0.003042684517082339,0.003042684517082339
2026-03-18,0,1,-0.007626971745536393,-0.007626971745536393
